QSFPDD_Port,Internal_port,QSFPDD_Lane,Tile,Tile_Octal,Tile_TX_Lane,PCB_TX_Lane,TX_PN_Swap,Tile_RX_Lane,PCB_RX_Lane,RX_PN_Swap,JBAY Package Net Name,Schematics Net Name,TX_Main_Cu_0.5m_PAM4,TX_Pre1_Cu_0.5m_PAM4,TX_Pre2_Cu_0.5m_PAM4,TX_Post1_Cu_0.5m_PAM4,TX_Post2_Cu_0.5m_PAM4,TX_Main_Cu_1m_PAM4,TX_Pre1_Cu_1m_PAM4,TX_Pre2_Cu_1m_PAM4,TX_Post1_Cu_1m_PAM4,TX_Post2_Cu_1m_PAM4,TX_Main_Cu_1.5m_PAM4,TX_Pre1_Cu_1.5m_PAM4,TX_Pre2_Cu_1.5m_PAM4,TX_Post1_Cu_1.5m_PAM4,TX_Post2_Cu_1.5m_PAM4,TX_Main_Cu_2m_PAM4,TX_Pre1_Cu_2m_PAM4,TX_Pre2_Cu_2m_PAM4,TX_Post1_Cu_2m_PAM4,TX_Post2_Cu_2m_PAM4,TX_Main_Cu_2.5m_PAM4,TX_Pre1_Cu_2.5m_PAM4,TX_Pre2_Cu_2.5m_PAM4,TX_Post1_Cu_2.5m_PAM4,TX_Post2_Cu_2.5m_PAM4,TX_Main_Cu_Loop_0dB_PAM4,TX_Pre1_Cu_Loop_0dB_PAM4,TX_Pre2_Cu_Loop_0dB_PAM4,TX_Post1_Cu_Loop_0dB_PAM4,TX_Post2_Cu_Loop_0dB_PAM4,TX_Main_Opt_PAM4,TX_Pre1_Opt_PAM4,TX_Pre2_Opt_PAM4,TX_Post1_Opt_PAM4,TX_Post2_Opt_PAM4,TX_Main_Cu_0.5m_NRZ,TX_Pre1_Cu_0.5m_NRZ,TX_Pre2_Cu_0.5m_NRZ,TX_Post1_Cu_0.5m_NRZ,TX_Post2_Cu_0.5m_NRZ,TX_Main_Cu_1m_NRZ,TX_Pre1_Cu_1m_NRZ,TX_Pre2_Cu_1m_NRZ,TX_Post1_Cu_1m_NRZ,TX_Post2_Cu_1m_NRZ,TX_Main_Cu_1.5m_NRZ,TX_Pre1_Cu_1.5m_NRZ,TX_Pre2_Cu_1.5m_NRZ,TX_Post1_Cu_1.5m_NRZ,TX_Post2_Cu_1.5m_NRZ,TX_Main_Cu_2m_NRZ,TX_Pre1_Cu_2m_NRZ,TX_Pre2_Cu_2m_NRZ,TX_Post1_Cu_2m_NRZ,TX_Post2_Cu_2m_NRZ,TX_Main_Cu_2.5m_NRZ,TX_Pre1_Cu_2.5m_NRZ,TX_Pre2_Cu_2.5m_NRZ,TX_Post1_Cu_2.5m_NRZ,TX_Post2_Cu_2.5m_NRZ,TX_Main_Cu_Loop_0dB_NRZ,TX_Pre1_Cu_Loop_0dB_NRZ,TX_Pre2_Cu_Loop_0dB_NRZ,TX_Post1_Cu_Loop_0dB_NRZ,TX_Post2_Cu_Loop_0dB_NRZ,TX_Main_Opt_NRZ,TX_Pre1_Opt_NRZ,TX_Pre2_Opt_NRZ,TX_Post1_Opt_NRZ,TX_Post2_Opt_NRZ
1,No,0,1,0,0,0,Y,6,6,N,ETH9_*,Port1_*,21,-15,4,0,0,21,-15,4,0,0,21,-15,4,0,0,21,-15,4,0,0,21,-15,4,0,0,21,-15,4,0,0,20,-6,0,-14,0,20,-6,0,0,0,20,-6,0,0,0,20,-6,0,0,0,20,-6,0,0,0,20,-6,0,0,0,20,-6,0,0,0,22,-4,0,-15,0
,,1,,,1,1,Y,0,0,N,,,21,-15,4,0,0,21,-15,4,0,0,21,-15,4,0,0,21,-15,4,0,0,21,-15,4,0,0,21,-15,4,0,0,20,-6,0,-14,0,20,-6,0,0,0,20,-6,0,0,0,20,-6,0,0,0,20,-6,0,0,0,20,-6,0,0,0,20,-6,0,0,0,22,-4,0,-15,0
,,2,,,5,5,Y,7,7,N,,,21,-15,4,0,0,21,-15,4,0,0,21,-15,4,0,0,21,-15,4,0,0,21,-15,4,0,0,21,-15,4,0,0,20,-6,0,-14,0,20,-6,0,0,0,20,-6,0,0,0,20,-6,0,0,0,20,-6,0,0,0,20,-6,0,0,0,20,-6,0,0,0,22,-4,0,-15,0
,,3,,,4,4,Y,1,1,N,,,21,-15,4,0,0,21,-15,4,0,0,21,-15,4,0,0,21,-15,4,0,0,21,-15,4,0,0,21,-15,4,0,0,20,-6,0,-14,0,20,-6,0,0,0,20,-6,0,0,0,20,-6,0,0,0,20,-6,0,0,0,20,-6,0,0,0,20,-6,0,0,0,22,-4,0,-15,0
,,4,,,2,2,N,2,2,N,,,21,-15,4,0,0,21,-15,4,0,0,21,-15,4,0,0,21,-15,4,0,0,21,-15,4,0,0,21,-15,4,0,0,20,-6,0,-14,0,20,-6,0,0,0,20,-6,0,0,0,20,-6,0,0,0,20,-6,0,0,0,20,-6,0,0,0,20,-6,0,0,0,22,-4,0,-15,0
,,5,,,3,3,Y,4,4,N,,,21,-15,4,0,0,21,-15,4,0,0,21,-15,4,0,0,21,-15,4,0,0,21,-15,4,0,0,21,-15,4,0,0,20,-6,0,-14,0,20,-6,0,0,0,20,-6,0,0,0,20,-6,0,0,0,20,-6,0,0,0,20,-6,0,0,0,20,-6,0,0,0,22,-4,0,-15,0
,,6,,,6,6,Y,5,5,N,,,21,-15,4,0,0,21,-15,4,0,0,21,-15,4,0,0,21,-15,4,0,0,21,-15,4,0,0,21,-15,4,0,0,20,-6,0,-14,0,20,-6,0,0,0,20,-6,0,0,0,20,-6,0,0,0,20,-6,0,0,0,20,-6,0,0,0,20,-6,0,0,0,22,-4,0,-15,0
,,7,,,7,7,Y,3,3,N,,,21,-15,4,0,0,21,-15,4,0,0,21,-15,4,0,0,21,-15,4,0,0,21,-15,4,0,0,21,-15,4,0,0,20,-6,0,-14,0,20,-6,0,0,0,20,-6,0,0,0,20,-6,0,0,0,20,-6,0,0,0,20,-6,0,0,0,20,-6,0,0,0,22,-4,0,-15,0
2,No,0,,1,1,1,Y,7,7,N,ETH10_*,Port0_*,21,-15,4,0,0,21,-15,4,0,0,21,-15,4,0,0,21,-15,4,0,0,21,-15,4,0,0,21,-15,4,0,0,20,-6,0,-14,0,20,-6,0,0,0,20,-6,0,0,0,20,-6,0,0,0,20,-6,0,0,0,20,-6,0,0,0,20,-6,0,0,0,22,-4,0,-15,0
,,1,,,7,7,N,2,2,N,,,21,-15,4,0,0,21,-15,4,0,0,21,-15,4,0,0,21,-15,4,0,0,21,-15,4,0,0,21,-15,4,0,0,20,-6,0,-14,0,20,-6,0,0,0,20,-6,0,0,0,20,-6,0,0,0,20,-6,0,0,0,20,-6,0,0,0,20,-6,0,0,0,22,-4,0,-15,0
,,2,,,2,2,N,6,6,N,,,21,-15,4,0,0,21,-15,4,0,0,21,-15,4,0,0,21,-15,4,0,0,21,-15,4,0,0,21,-15,4,0,0,20,-6,0,-14,0,20,-6,0,0,0,20,-6,0,0,0,20,-6,0,0,0,20,-6,0,0,0,20,-6,0,0,0,20,-6,0,0,0,22,-4,0,-15,0
,,3,,,0,0,N,0,0,N,,,21,-15,4,0,0,21,-15,4,0,0,21,-15,4,0,0,21,-15,4,0,0,21,-15,4,0,0,21,-15,4,0,0,20,-6,0,-14,0,20,-6,0,0,0,20,-6,0,0,0,20,-6,0,0,0,20,-6,0,0,0,20,-6,0,0,0,20,-6,0,0,0,22,-4,0,-15,0
,,4,,,4,4,Y,4,4,N,,,21,-15,4,0,0,21,-15,4,0,0,21,-15,4,0,0,21,-15,4,0,0,21,-15,4,0,0,21,-15,4,0,0,20,-6,0,-14,0,20,-6,0,0,0,20,-6,0,0,0,20,-6,0,0,0,20,-6,0,0,0,20,-6,0,0,0,20,-6,0,0,0,22,-4,0,-15,0
,,5,,,6,6,Y,5,5,N,,,21,-15,4,0,0,21,-15,4,0,0,21,-15,4,0,0,21,-15,4,0,0,21,-15,4,0,0,21,-15,4,0,0,20,-6,0,-14,0,20,-6,0,0,0,20,-6,0,0,0,20,-6,0,0,0,20,-6,0,0,0,20,-6,0,0,0,20,-6,0,0,0,22,-4,0,-15,0
,,6,,,3,3,N,3,3,N,,,21,-15,4,0,0,21,-15,4,0,0,21,-15,4,0,0,21,-15,4,0,0,21,-15,4,0,0,21,-15,4,0,0,20,-6,0,-14,0,20,-6,0,0,0,20,-6,0,0,0,20,-6,0,0,0,20,-6,0,0,0,20,-6,0,0,0,20,-6,0,0,0,22,-4,0,-15,0
,,7,,,5,5,Y,1,1,N,,,21,-15,4,0,0,21,-15,4,0,0,21,-15,4,0,0,21,-15,4,0,0,21,-15,4,0,0,21,-15,4,0,0,20,-6,0,-14,0,20,-6,0,0,0,20,-6,0,0,0,20,-6,0,0,0,20,-6,0,0,0,20,-6,0,0,0,20,-6,0,0,0,22,-4,0,-15,0
3,No,0,,2,6,6,Y,7,7,N,ETH11_*,Port3_*,21,-15,4,0,0,21,-15,4,0,0,21,-15,4,0,0,21,-15,4,0,0,21,-15,4,0,0,21,-15,4,0,0,20,-6,0,-14,0,20,-6,0,0,0,20,-6,0,0,0,20,-6,0,0,0,20,-6,0,0,0,20,-6,0,0,0,20,-6,0,0,0,22,-4,0,-15,0
,,1,,,4,4,Y,0,0,N,,,21,-15,4,0,0,21,-15,4,0,0,21,-15,4,0,0,21,-15,4,0,0,21,-15,4,0,0,21,-15,4,0,0,20,-6,0,-14,0,20,-6,0,0,0,20,-6,0,0,0,20,-6,0,0,0,20,-6,0,0,0,20,-6,0,0,0,20,-6,0,0,0,22,-4,0,-15,0
,,2,,,1,1,Y,5,5,N,,,21,-15,4,0,0,21,-15,4,0,0,21,-15,4,0,0,21,-15,4,0,0,21,-15,4,0,0,21,-15,4,0,0,20,-6,0,-14,0,20,-6,0,0,0,20,-6,0,0,0,20,-6,0,0,0,20,-6,0,0,0,20,-6,0,0,0,20,-6,0,0,0,22,-4,0,-15,0
,,3,,,7,7,Y,1,1,N,,,21,-15,4,0,0,21,-15,4,0,0,21,-15,4,0,0,21,-15,4,0,0,21,-15,4,0,0,21,-15,4,0,0,20,-6,0,-14,0,20,-6,0,0,0,20,-6,0,0,0,20,-6,0,0,0,20,-6,0,0,0,20,-6,0,0,0,20,-6,0,0,0,22,-4,0,-15,0
,,4,,,2,2,Y,6,6,N,,,21,-15,4,0,0,21,-15,4,0,0,21,-15,4,0,0,21,-15,4,0,0,21,-15,4,0,0,21,-15,4,0,0,20,-6,0,-14,0,20,-6,0,0,0,20,-6,0,0,0,20,-6,0,0,0,20,-6,0,0,0,20,-6,0,0,0,20,-6,0,0,0,22,-4,0,-15,0
,,5,,,0,0,N,4,4,N,,,21,-15,4,0,0,21,-15,4,0,0,21,-15,4,0,0,21,-15,4,0,0,21,-15,4,0,0,21,-15,4,0,0,20,-6,0,-14,0,20,-6,0,0,0,20,-6,0,0,0,20,-6,0,0,0,20,-6,0,0,0,20,-6,0,0,0,20,-6,0,0,0,22,-4,0,-15,0
,,6,,,5,5,N,3,3,N,,,21,-15,4,0,0,21,-15,4,0,0,21,-15,4,0,0,21,-15,4,0,0,21,-15,4,0,0,21,-15,4,0,0,20,-6,0,-14,0,20,-6,0,0,0,20,-6,0,0,0,20,-6,0,0,0,20,-6,0,0,0,20,-6,0,0,0,20,-6,0,0,0,22,-4,0,-15,0
,,7,,,3,3,Y,2,2,N,,,21,-15,4,0,0,21,-15,4,0,0,21,-15,4,0,0,21,-15,4,0,0,21,-15,4,0,0,21,-15,4,0,0,20,-6,0,-14,0,20,-6,0,0,0,20,-6,0,0,0,20,-6,0,0,0,20,-6,0,0,0,20,-6,0,0,0,20,-6,0,0,0,22,-4,0,-15,0
4,No,0,,3,7,7,N,7,7,N,ETH12_*,Port2_*,21,-15,4,0,0,21,-15,4,0,0,21,-15,4,0,0,21,-15,4,0,0,21,-15,4,0,0,21,-15,4,0,0,20,-6,0,-14,0,20,-6,0,0,0,20,-6,0,0,0,20,-6,0,0,0,20,-6,0,0,0,20,-6,0,0,0,20,-6,0,0,0,22,-4,0,-15,0
,,1,,,5,5,Y,0,0,Y,,,21,-15,4,0,0,21,-15,4,0,0,21,-15,4,0,0,21,-15,4,0,0,21,-15,4,0,0,21,-15,4,0,0,20,-6,0,-14,0,20,-6,0,0,0,20,-6,0,0,0,20,-6,0,0,0,20,-6,0,0,0,20,-6,0,0,0,20,-6,0,0,0,22,-4,0,-15,0
,,2,,,2,2,Y,4,4,Y,,,21,-15,4,0,0,21,-15,4,0,0,21,-15,4,0,0,21,-15,4,0,0,21,-15,4,0,0,21,-15,4,0,0,20,-6,0,-14,0,20,-6,0,0,0,20,-6,0,0,0,20,-6,0,0,0,20,-6,0,0,0,20,-6,0,0,0,20,-6,0,0,0,22,-4,0,-15,0
,,3,,,1,1,N,1,1,N,,,21,-15,4,0,0,21,-15,4,0,0,21,-15,4,0,0,21,-15,4,0,0,21,-15,4,0,0,21,-15,4,0,0,20,-6,0,-14,0,20,-6,0,0,0,20,-6,0,0,0,20,-6,0,0,0,20,-6,0,0,0,20,-6,0,0,0,20,-6,0,0,0,22,-4,0,-15,0
,,4,,,4,4,N,6,6,Y,,,21,-15,4,0,0,21,-15,4,0,0,21,-15,4,0,0,21,-15,4,0,0,21,-15,4,0,0,21,-15,4,0,0,20,-6,0,-14,0,20,-6,0,0,0,20,-6,0,0,0,20,-6,0,0,0,20,-6,0,0,0,20,-6,0,0,0,20,-6,0,0,0,22,-4,0,-15,0
,,5,,,0,0,N,2,2,Y,,,21,-15,4,0,0,21,-15,4,0,0,21,-15,4,0,0,21,-15,4,0,0,21,-15,4,0,0,21,-15,4,0,0,20,-6,0,-14,0,20,-6,0,0,0,20,-6,0,0,0,20,-6,0,0,0,20,-6,0,0,0,20,-6,0,0,0,20,-6,0,0,0,22,-4,0,-15,0
,,6,,,3,3,N,5,5,Y,,,21,-15,4,0,0,21,-15,4,0,0,21,-15,4,0,0,21,-15,4,0,0,21,-15,4,0,0,21,-15,4,0,0,20,-6,0,-14,0,20,-6,0,0,0,20,-6,0,0,0,20,-6,0,0,0,20,-6,0,0,0,20,-6,0,0,0,20,-6,0,0,0,22,-4,0,-15,0
,,7,,,6,6,N,3,3,N,,,21,-15,4,0,0,21,-15,4,0,0,21,-15,4,0,0,21,-15,4,0,0,21,-15,4,0,0,21,-15,4,0,0,20,-6,0,-14,0,20,-6,0,0,0,20,-6,0,0,0,20,-6,0,0,0,20,-6,0,0,0,20,-6,0,0,0,20,-6,0,0,0,22,-4,0,-15,0
5,No,0,,4,2,2,N,4,4,Y,ETH13_*,Port5_*,21,-15,4,0,0,21,-15,4,0,0,21,-15,4,0,0,21,-15,4,0,0,21,-15,4,0,0,21,-15,4,0,0,20,-6,0,-14,0,20,-6,0,0,0,20,-6,0,0,0,20,-6,0,0,0,20,-6,0,0,0,20,-6,0,0,0,20,-6,0,0,0,22,-4,0,-15,0
,,1,,,6,6,Y,0,0,Y,,,21,-15,4,0,0,21,-15,4,0,0,21,-15,4,0,0,21,-15,4,0,0,21,-15,4,0,0,21,-15,4,0,0,20,-6,0,-14,0,20,-6,0,0,0,20,-6,0,0,0,20,-6,0,0,0,20,-6,0,0,0,20,-6,0,0,0,20,-6,0,0,0,22,-4,0,-15,0
,,2,,,0,0,Y,6,6,Y,,,21,-15,4,0,0,21,-15,4,0,0,21,-15,4,0,0,21,-15,4,0,0,21,-15,4,0,0,21,-15,4,0,0,20,-6,0,-14,0,20,-6,0,0,0,20,-6,0,0,0,20,-6,0,0,0,20,-6,0,0,0,20,-6,0,0,0,20,-6,0,0,0,22,-4,0,-15,0
,,3,,,5,5,N,1,1,Y,,,21,-15,4,0,0,21,-15,4,0,0,21,-15,4,0,0,21,-15,4,0,0,21,-15,4,0,0,21,-15,4,0,0,20,-6,0,-14,0,20,-6,0,0,0,20,-6,0,0,0,20,-6,0,0,0,20,-6,0,0,0,20,-6,0,0,0,20,-6,0,0,0,22,-4,0,-15,0
,,4,,,4,4,Y,7,7,Y,,,21,-15,4,0,0,21,-15,4,0,0,21,-15,4,0,0,21,-15,4,0,0,21,-15,4,0,0,21,-15,4,0,0,20,-6,0,-14,0,20,-6,0,0,0,20,-6,0,0,0,20,-6,0,0,0,20,-6,0,0,0,20,-6,0,0,0,20,-6,0,0,0,22,-4,0,-15,0
,,5,,,7,7,Y,3,3,Y,,,21,-15,4,0,0,21,-15,4,0,0,21,-15,4,0,0,21,-15,4,0,0,21,-15,4,0,0,21,-15,4,0,0,20,-6,0,-14,0,20,-6,0,0,0,20,-6,0,0,0,20,-6,0,0,0,20,-6,0,0,0,20,-6,0,0,0,20,-6,0,0,0,22,-4,0,-15,0
,,6,,,1,1,N,5,5,Y,,,21,-15,4,0,0,21,-15,4,0,0,21,-15,4,0,0,21,-15,4,0,0,21,-15,4,0,0,21,-15,4,0,0,20,-6,0,-14,0,20,-6,0,0,0,20,-6,0,0,0,20,-6,0,0,0,20,-6,0,0,0,20,-6,0,0,0,20,-6,0,0,0,22,-4,0,-15,0
,,7,,,3,3,N,2,2,Y,,,21,-15,4,0,0,21,-15,4,0,0,21,-15,4,0,0,21,-15,4,0,0,21,-15,4,0,0,21,-15,4,0,0,20,-6,0,-14,0,20,-6,0,0,0,20,-6,0,0,0,20,-6,0,0,0,20,-6,0,0,0,20,-6,0,0,0,20,-6,0,0,0,22,-4,0,-15,0
6,No,0,,5,4,4,Y,6,6,Y,ETH14_*,Port4_*,21,-15,4,0,0,21,-15,4,0,0,21,-15,4,0,0,21,-15,4,0,0,21,-15,4,0,0,21,-15,4,0,0,20,-6,0,-14,0,20,-6,0,0,0,20,-6,0,0,0,20,-6,0,0,0,20,-6,0,0,0,20,-6,0,0,0,20,-6,0,0,0,22,-4,0,-15,0
,,1,,,7,7,N,1,1,N,,,21,-15,4,0,0,21,-15,4,0,0,21,-15,4,0,0,21,-15,4,0,0,21,-15,4,0,0,21,-15,4,0,0,20,-6,0,-14,0,20,-6,0,0,0,20,-6,0,0,0,20,-6,0,0,0,20,-6,0,0,0,20,-6,0,0,0,20,-6,0,0,0,22,-4,0,-15,0
,,2,,,2,2,N,7,7,N,,,21,-15,4,0,0,21,-15,4,0,0,21,-15,4,0,0,21,-15,4,0,0,21,-15,4,0,0,21,-15,4,0,0,20,-6,0,-14,0,20,-6,0,0,0,20,-6,0,0,0,20,-6,0,0,0,20,-6,0,0,0,20,-6,0,0,0,20,-6,0,0,0,22,-4,0,-15,0
,,3,,,3,3,Y,2,2,Y,,,21,-15,4,0,0,21,-15,4,0,0,21,-15,4,0,0,21,-15,4,0,0,21,-15,4,0,0,21,-15,4,0,0,20,-6,0,-14,0,20,-6,0,0,0,20,-6,0,0,0,20,-6,0,0,0,20,-6,0,0,0,20,-6,0,0,0,20,-6,0,0,0,22,-4,0,-15,0
,,4,,,1,1,Y,4,4,Y,,,21,-15,4,0,0,21,-15,4,0,0,21,-15,4,0,0,21,-15,4,0,0,21,-15,4,0,0,21,-15,4,0,0,20,-6,0,-14,0,20,-6,0,0,0,20,-6,0,0,0,20,-6,0,0,0,20,-6,0,0,0,20,-6,0,0,0,20,-6,0,0,0,22,-4,0,-15,0
,,5,,,5,5,Y,0,0,Y,,,21,-15,4,0,0,21,-15,4,0,0,21,-15,4,0,0,21,-15,4,0,0,21,-15,4,0,0,21,-15,4,0,0,20,-6,0,-14,0,20,-6,0,0,0,20,-6,0,0,0,20,-6,0,0,0,20,-6,0,0,0,20,-6,0,0,0,20,-6,0,0,0,22,-4,0,-15,0
,,6,,,0,0,Y,5,5,Y,,,21,-15,4,0,0,21,-15,4,0,0,21,-15,4,0,0,21,-15,4,0,0,21,-15,4,0,0,21,-15,4,0,0,20,-6,0,-14,0,20,-6,0,0,0,20,-6,0,0,0,20,-6,0,0,0,20,-6,0,0,0,20,-6,0,0,0,20,-6,0,0,0,22,-4,0,-15,0
,,7,,,6,6,N,3,3,N,,,21,-15,4,0,0,21,-15,4,0,0,21,-15,4,0,0,21,-15,4,0,0,21,-15,4,0,0,21,-15,4,0,0,20,-6,0,-14,0,20,-6,0,0,0,20,-6,0,0,0,20,-6,0,0,0,20,-6,0,0,0,20,-6,0,0,0,20,-6,0,0,0,22,-4,0,-15,0
7,No,0,,6,0,0,Y,7,7,N,ETH15_*,Port7_*,21,-15,4,0,0,21,-15,4,0,0,21,-15,4,0,0,21,-15,4,0,0,21,-15,4,0,0,21,-15,4,0,0,20,-6,0,-14,0,20,-6,0,0,0,20,-6,0,0,0,20,-6,0,0,0,20,-6,0,0,0,20,-6,0,0,0,20,-6,0,0,0,22,-4,0,-15,0
,,1,,,5,5,Y,2,2,Y,,,21,-15,4,0,0,21,-15,4,0,0,21,-15,4,0,0,21,-15,4,0,0,21,-15,4,0,0,21,-15,4,0,0,20,-6,0,-14,0,20,-6,0,0,0,20,-6,0,0,0,20,-6,0,0,0,20,-6,0,0,0,20,-6,0,0,0,20,-6,0,0,0,22,-4,0,-15,0
,,2,,,7,7,N,6,6,Y,,,21,-15,4,0,0,21,-15,4,0,0,21,-15,4,0,0,21,-15,4,0,0,21,-15,4,0,0,21,-15,4,0,0,20,-6,0,-14,0,20,-6,0,0,0,20,-6,0,0,0,20,-6,0,0,0,20,-6,0,0,0,20,-6,0,0,0,20,-6,0,0,0,22,-4,0,-15,0
,,3,,,4,4,N,1,1,Y,,,21,-15,4,0,0,21,-15,4,0,0,21,-15,4,0,0,21,-15,4,0,0,21,-15,4,0,0,21,-15,4,0,0,20,-6,0,-14,0,20,-6,0,0,0,20,-6,0,0,0,20,-6,0,0,0,20,-6,0,0,0,20,-6,0,0,0,20,-6,0,0,0,22,-4,0,-15,0
,,4,,,1,1,Y,4,4,Y,,,21,-15,4,0,0,21,-15,4,0,0,21,-15,4,0,0,21,-15,4,0,0,21,-15,4,0,0,21,-15,4,0,0,20,-6,0,-14,0,20,-6,0,0,0,20,-6,0,0,0,20,-6,0,0,0,20,-6,0,0,0,20,-6,0,0,0,20,-6,0,0,0,22,-4,0,-15,0
,,5,,,2,2,N,5,5,N,,,21,-15,4,0,0,21,-15,4,0,0,21,-15,4,0,0,21,-15,4,0,0,21,-15,4,0,0,21,-15,4,0,0,20,-6,0,-14,0,20,-6,0,0,0,20,-6,0,0,0,20,-6,0,0,0,20,-6,0,0,0,20,-6,0,0,0,20,-6,0,0,0,22,-4,0,-15,0
,,6,,,6,6,N,3,3,Y,,,21,-15,4,0,0,21,-15,4,0,0,21,-15,4,0,0,21,-15,4,0,0,21,-15,4,0,0,21,-15,4,0,0,20,-6,0,-14,0,20,-6,0,0,0,20,-6,0,0,0,20,-6,0,0,0,20,-6,0,0,0,20,-6,0,0,0,20,-6,0,0,0,22,-4,0,-15,0
,,7,,,3,3,Y,0,0,N,,,21,-15,4,0,0,21,-15,4,0,0,21,-15,4,0,0,21,-15,4,0,0,21,-15,4,0,0,21,-15,4,0,0,20,-6,0,-14,0,20,-6,0,0,0,20,-6,0,0,0,20,-6,0,0,0,20,-6,0,0,0,20,-6,0,0,0,20,-6,0,0,0,22,-4,0,-15,0
8,No,0,,7,1,1,Y,0,0,Y,ETH16_*,Port6_*,21,-15,4,0,0,21,-15,4,0,0,21,-15,4,0,0,21,-15,4,0,0,21,-15,4,0,0,21,-15,4,0,0,20,-6,0,-14,0,20,-6,0,0,0,20,-6,0,0,0,20,-6,0,0,0,20,-6,0,0,0,20,-6,0,0,0,20,-6,0,0,0,22,-4,0,-15,0
,,1,,,3,3,N,4,4,Y,,,21,-15,4,0,0,21,-15,4,0,0,21,-15,4,0,0,21,-15,4,0,0,21,-15,4,0,0,21,-15,4,0,0,20,-6,0,-14,0,20,-6,0,0,0,20,-6,0,0,0,20,-6,0,0,0,20,-6,0,0,0,20,-6,0,0,0,20,-6,0,0,0,22,-4,0,-15,0
,,2,,,5,5,N,7,7,Y,,,21,-15,4,0,0,21,-15,4,0,0,21,-15,4,0,0,21,-15,4,0,0,21,-15,4,0,0,21,-15,4,0,0,20,-6,0,-14,0,20,-6,0,0,0,20,-6,0,0,0,20,-6,0,0,0,20,-6,0,0,0,20,-6,0,0,0,20,-6,0,0,0,22,-4,0,-15,0
,,3,,,6,6,N,1,1,Y,,,21,-15,4,0,0,21,-15,4,0,0,21,-15,4,0,0,21,-15,4,0,0,21,-15,4,0,0,21,-15,4,0,0,20,-6,0,-14,0,20,-6,0,0,0,20,-6,0,0,0,20,-6,0,0,0,20,-6,0,0,0,20,-6,0,0,0,20,-6,0,0,0,22,-4,0,-15,0
,,4,,,7,7,N,5,5,N,,,21,-15,4,0,0,21,-15,4,0,0,21,-15,4,0,0,21,-15,4,0,0,21,-15,4,0,0,21,-15,4,0,0,20,-6,0,-14,0,20,-6,0,0,0,20,-6,0,0,0,20,-6,0,0,0,20,-6,0,0,0,20,-6,0,0,0,20,-6,0,0,0,22,-4,0,-15,0
,,5,,,2,2,Y,6,6,Y,,,21,-15,4,0,0,21,-15,4,0,0,21,-15,4,0,0,21,-15,4,0,0,21,-15,4,0,0,21,-15,4,0,0,20,-6,0,-14,0,20,-6,0,0,0,20,-6,0,0,0,20,-6,0,0,0,20,-6,0,0,0,20,-6,0,0,0,20,-6,0,0,0,22,-4,0,-15,0
,,6,,,0,0,Y,3,3,Y,,,21,-15,4,0,0,21,-15,4,0,0,21,-15,4,0,0,21,-15,4,0,0,21,-15,4,0,0,21,-15,4,0,0,20,-6,0,-14,0,20,-6,0,0,0,20,-6,0,0,0,20,-6,0,0,0,20,-6,0,0,0,20,-6,0,0,0,20,-6,0,0,0,22,-4,0,-15,0
,,7,,,4,4,N,2,2,N,,,21,-15,4,0,0,21,-15,4,0,0,21,-15,4,0,0,21,-15,4,0,0,21,-15,4,0,0,21,-15,4,0,0,20,-6,0,-14,0,20,-6,0,0,0,20,-6,0,0,0,20,-6,0,0,0,20,-6,0,0,0,20,-6,0,0,0,20,-6,0,0,0,22,-4,0,-15,0
9,No,0,2,0,2,5,Y,6,1,Y,ETH24_*,Port8_*,21,-15,4,0,0,21,-15,4,0,0,21,-15,4,0,0,21,-15,4,0,0,21,-15,4,0,0,21,-15,4,0,0,20,-6,0,-14,0,20,-6,0,0,0,20,-6,0,0,0,20,-6,0,0,0,20,-6,0,0,0,20,-6,0,0,0,20,-6,0,0,0,22,-4,0,-15,0
,,1,,,0,7,Y,2,5,N,,,21,-15,4,0,0,21,-15,4,0,0,21,-15,4,0,0,21,-15,4,0,0,21,-15,4,0,0,21,-15,4,0,0,20,-6,0,-14,0,20,-6,0,0,0,20,-6,0,0,0,20,-6,0,0,0,20,-6,0,0,0,20,-6,0,0,0,20,-6,0,0,0,22,-4,0,-15,0
,,2,,,3,4,Y,7,0,N,,,21,-15,4,0,0,21,-15,4,0,0,21,-15,4,0,0,21,-15,4,0,0,21,-15,4,0,0,21,-15,4,0,0,20,-6,0,-14,0,20,-6,0,0,0,20,-6,0,0,0,20,-6,0,0,0,20,-6,0,0,0,20,-6,0,0,0,20,-6,0,0,0,22,-4,0,-15,0
,,3,,,5,2,Y,3,4,Y,,,21,-15,4,0,0,21,-15,4,0,0,21,-15,4,0,0,21,-15,4,0,0,21,-15,4,0,0,21,-15,4,0,0,20,-6,0,-14,0,20,-6,0,0,0,20,-6,0,0,0,20,-6,0,0,0,20,-6,0,0,0,20,-6,0,0,0,20,-6,0,0,0,22,-4,0,-15,0
,,4,,,4,3,N,4,3,N,,,21,-15,4,0,0,21,-15,4,0,0,21,-15,4,0,0,21,-15,4,0,0,21,-15,4,0,0,21,-15,4,0,0,20,-6,0,-14,0,20,-6,0,0,0,20,-6,0,0,0,20,-6,0,0,0,20,-6,0,0,0,20,-6,0,0,0,20,-6,0,0,0,22,-4,0,-15,0
,,5,,,6,1,N,0,7,N,,,21,-15,4,0,0,21,-15,4,0,0,21,-15,4,0,0,21,-15,4,0,0,21,-15,4,0,0,21,-15,4,0,0,20,-6,0,-14,0,20,-6,0,0,0,20,-6,0,0,0,20,-6,0,0,0,20,-6,0,0,0,20,-6,0,0,0,20,-6,0,0,0,22,-4,0,-15,0
,,6,,,1,6,N,5,2,Y,,,21,-15,4,0,0,21,-15,4,0,0,21,-15,4,0,0,21,-15,4,0,0,21,-15,4,0,0,21,-15,4,0,0,20,-6,0,-14,0,20,-6,0,0,0,20,-6,0,0,0,20,-6,0,0,0,20,-6,0,0,0,20,-6,0,0,0,20,-6,0,0,0,22,-4,0,-15,0
,,7,,,7,0,N,1,6,N,,,21,-15,4,0,0,21,-15,4,0,0,21,-15,4,0,0,21,-15,4,0,0,21,-15,4,0,0,21,-15,4,0,0,20,-6,0,-14,0,20,-6,0,0,0,20,-6,0,0,0,20,-6,0,0,0,20,-6,0,0,0,20,-6,0,0,0,20,-6,0,0,0,22,-4,0,-15,0
10,No,0,,1,2,5,Y,4,3,Y,ETH23_*,Port9_*,21,-15,4,0,0,21,-15,4,0,0,21,-15,4,0,0,21,-15,4,0,0,21,-15,4,0,0,21,-15,4,0,0,20,-6,0,-14,0,20,-6,0,0,0,20,-6,0,0,0,20,-6,0,0,0,20,-6,0,0,0,20,-6,0,0,0,20,-6,0,0,0,22,-4,0,-15,0
,,1,,,3,4,Y,3,4,N,,,21,-15,4,0,0,21,-15,4,0,0,21,-15,4,0,0,21,-15,4,0,0,21,-15,4,0,0,21,-15,4,0,0,20,-6,0,-14,0,20,-6,0,0,0,20,-6,0,0,0,20,-6,0,0,0,20,-6,0,0,0,20,-6,0,0,0,20,-6,0,0,0,22,-4,0,-15,0
,,2,,,6,1,Y,7,0,N,,,21,-15,4,0,0,21,-15,4,0,0,21,-15,4,0,0,21,-15,4,0,0,21,-15,4,0,0,21,-15,4,0,0,20,-6,0,-14,0,20,-6,0,0,0,20,-6,0,0,0,20,-6,0,0,0,20,-6,0,0,0,20,-6,0,0,0,20,-6,0,0,0,22,-4,0,-15,0
,,3,,,7,0,N,1,6,Y,,,21,-15,4,0,0,21,-15,4,0,0,21,-15,4,0,0,21,-15,4,0,0,21,-15,4,0,0,21,-15,4,0,0,20,-6,0,-14,0,20,-6,0,0,0,20,-6,0,0,0,20,-6,0,0,0,20,-6,0,0,0,20,-6,0,0,0,20,-6,0,0,0,22,-4,0,-15,0
,,4,,,4,3,N,6,1,N,,,21,-15,4,0,0,21,-15,4,0,0,21,-15,4,0,0,21,-15,4,0,0,21,-15,4,0,0,21,-15,4,0,0,20,-6,0,-14,0,20,-6,0,0,0,20,-6,0,0,0,20,-6,0,0,0,20,-6,0,0,0,20,-6,0,0,0,20,-6,0,0,0,22,-4,0,-15,0
,,5,,,0,7,Y,2,5,Y,,,21,-15,4,0,0,21,-15,4,0,0,21,-15,4,0,0,21,-15,4,0,0,21,-15,4,0,0,21,-15,4,0,0,20,-6,0,-14,0,20,-6,0,0,0,20,-6,0,0,0,20,-6,0,0,0,20,-6,0,0,0,20,-6,0,0,0,20,-6,0,0,0,22,-4,0,-15,0
,,6,,,5,2,Y,5,2,N,,,21,-15,4,0,0,21,-15,4,0,0,21,-15,4,0,0,21,-15,4,0,0,21,-15,4,0,0,21,-15,4,0,0,20,-6,0,-14,0,20,-6,0,0,0,20,-6,0,0,0,20,-6,0,0,0,20,-6,0,0,0,20,-6,0,0,0,20,-6,0,0,0,22,-4,0,-15,0
,,7,,,1,6,Y,0,7,N,,,21,-15,4,0,0,21,-15,4,0,0,21,-15,4,0,0,21,-15,4,0,0,21,-15,4,0,0,21,-15,4,0,0,20,-6,0,-14,0,20,-6,0,0,0,20,-6,0,0,0,20,-6,0,0,0,20,-6,0,0,0,20,-6,0,0,0,20,-6,0,0,0,22,-4,0,-15,0
11,No,0,,2,4,3,N,3,4,Y,ETH22_*,Port10_*,21,-15,4,0,0,21,-15,4,0,0,21,-15,4,0,0,21,-15,4,0,0,21,-15,4,0,0,21,-15,4,0,0,20,-6,0,-14,0,20,-6,0,0,0,20,-6,0,0,0,20,-6,0,0,0,20,-6,0,0,0,20,-6,0,0,0,20,-6,0,0,0,22,-4,0,-15,0
,,1,,,3,4,N,6,1,Y,,,21,-15,4,0,0,21,-15,4,0,0,21,-15,4,0,0,21,-15,4,0,0,21,-15,4,0,0,21,-15,4,0,0,20,-6,0,-14,0,20,-6,0,0,0,20,-6,0,0,0,20,-6,0,0,0,20,-6,0,0,0,20,-6,0,0,0,20,-6,0,0,0,22,-4,0,-15,0
,,2,,,1,6,Y,1,6,N,,,21,-15,4,0,0,21,-15,4,0,0,21,-15,4,0,0,21,-15,4,0,0,21,-15,4,0,0,21,-15,4,0,0,20,-6,0,-14,0,20,-6,0,0,0,20,-6,0,0,0,20,-6,0,0,0,20,-6,0,0,0,20,-6,0,0,0,20,-6,0,0,0,22,-4,0,-15,0
,,3,,,7,0,N,5,2,N,,,21,-15,4,0,0,21,-15,4,0,0,21,-15,4,0,0,21,-15,4,0,0,21,-15,4,0,0,21,-15,4,0,0,20,-6,0,-14,0,20,-6,0,0,0,20,-6,0,0,0,20,-6,0,0,0,20,-6,0,0,0,20,-6,0,0,0,20,-6,0,0,0,22,-4,0,-15,0
,,4,,,2,5,Y,0,7,N,,,21,-15,4,0,0,21,-15,4,0,0,21,-15,4,0,0,21,-15,4,0,0,21,-15,4,0,0,21,-15,4,0,0,20,-6,0,-14,0,20,-6,0,0,0,20,-6,0,0,0,20,-6,0,0,0,20,-6,0,0,0,20,-6,0,0,0,20,-6,0,0,0,22,-4,0,-15,0
,,5,,,0,7,Y,4,3,N,,,21,-15,4,0,0,21,-15,4,0,0,21,-15,4,0,0,21,-15,4,0,0,21,-15,4,0,0,21,-15,4,0,0,20,-6,0,-14,0,20,-6,0,0,0,20,-6,0,0,0,20,-6,0,0,0,20,-6,0,0,0,20,-6,0,0,0,20,-6,0,0,0,22,-4,0,-15,0
,,6,,,6,1,N,2,5,Y,,,21,-15,4,0,0,21,-15,4,0,0,21,-15,4,0,0,21,-15,4,0,0,21,-15,4,0,0,21,-15,4,0,0,20,-6,0,-14,0,20,-6,0,0,0,20,-6,0,0,0,20,-6,0,0,0,20,-6,0,0,0,20,-6,0,0,0,20,-6,0,0,0,22,-4,0,-15,0
,,7,,,5,2,Y,7,0,N,,,21,-15,4,0,0,21,-15,4,0,0,21,-15,4,0,0,21,-15,4,0,0,21,-15,4,0,0,21,-15,4,0,0,20,-6,0,-14,0,20,-6,0,0,0,20,-6,0,0,0,20,-6,0,0,0,20,-6,0,0,0,20,-6,0,0,0,20,-6,0,0,0,22,-4,0,-15,0
12,No,0,,3,0,7,N,2,5,N,ETH21_*,Port11_*,21,-15,4,0,0,21,-15,4,0,0,21,-15,4,0,0,21,-15,4,0,0,21,-15,4,0,0,21,-15,4,0,0,20,-6,0,-14,0,20,-6,0,0,0,20,-6,0,0,0,20,-6,0,0,0,20,-6,0,0,0,20,-6,0,0,0,20,-6,0,0,0,22,-4,0,-15,0
,,1,,,4,3,N,1,6,Y,,,21,-15,4,0,0,21,-15,4,0,0,21,-15,4,0,0,21,-15,4,0,0,21,-15,4,0,0,21,-15,4,0,0,20,-6,0,-14,0,20,-6,0,0,0,20,-6,0,0,0,20,-6,0,0,0,20,-6,0,0,0,20,-6,0,0,0,20,-6,0,0,0,22,-4,0,-15,0
,,2,,,1,6,Y,7,0,Y,,,21,-15,4,0,0,21,-15,4,0,0,21,-15,4,0,0,21,-15,4,0,0,21,-15,4,0,0,21,-15,4,0,0,20,-6,0,-14,0,20,-6,0,0,0,20,-6,0,0,0,20,-6,0,0,0,20,-6,0,0,0,20,-6,0,0,0,20,-6,0,0,0,22,-4,0,-15,0
,,3,,,6,1,Y,3,4,N,,,21,-15,4,0,0,21,-15,4,0,0,21,-15,4,0,0,21,-15,4,0,0,21,-15,4,0,0,21,-15,4,0,0,20,-6,0,-14,0,20,-6,0,0,0,20,-6,0,0,0,20,-6,0,0,0,20,-6,0,0,0,20,-6,0,0,0,20,-6,0,0,0,22,-4,0,-15,0
,,4,,,5,2,N,6,1,N,,,21,-15,4,0,0,21,-15,4,0,0,21,-15,4,0,0,21,-15,4,0,0,21,-15,4,0,0,21,-15,4,0,0,20,-6,0,-14,0,20,-6,0,0,0,20,-6,0,0,0,20,-6,0,0,0,20,-6,0,0,0,20,-6,0,0,0,20,-6,0,0,0,22,-4,0,-15,0
,,5,,,2,5,N,0,7,N,,,21,-15,4,0,0,21,-15,4,0,0,21,-15,4,0,0,21,-15,4,0,0,21,-15,4,0,0,21,-15,4,0,0,20,-6,0,-14,0,20,-6,0,0,0,20,-6,0,0,0,20,-6,0,0,0,20,-6,0,0,0,20,-6,0,0,0,20,-6,0,0,0,22,-4,0,-15,0
,,6,,,3,4,Y,4,3,N,,,21,-15,4,0,0,21,-15,4,0,0,21,-15,4,0,0,21,-15,4,0,0,21,-15,4,0,0,21,-15,4,0,0,20,-6,0,-14,0,20,-6,0,0,0,20,-6,0,0,0,20,-6,0,0,0,20,-6,0,0,0,20,-6,0,0,0,20,-6,0,0,0,22,-4,0,-15,0
,,7,,,7,0,Y,5,2,Y,,,21,-15,4,0,0,21,-15,4,0,0,21,-15,4,0,0,21,-15,4,0,0,21,-15,4,0,0,21,-15,4,0,0,20,-6,0,-14,0,20,-6,0,0,0,20,-6,0,0,0,20,-6,0,0,0,20,-6,0,0,0,20,-6,0,0,0,20,-6,0,0,0,22,-4,0,-15,0
13,No,0,,4,5,2,N,7,0,N,ETH20_*,Port12_*,21,-15,4,0,0,21,-15,4,0,0,21,-15,4,0,0,21,-15,4,0,0,21,-15,4,0,0,21,-15,4,0,0,20,-6,0,-14,0,20,-6,0,0,0,20,-6,0,0,0,20,-6,0,0,0,20,-6,0,0,0,20,-6,0,0,0,20,-6,0,0,0,22,-4,0,-15,0
,,1,,,6,1,Y,0,7,N,,,21,-15,4,0,0,21,-15,4,0,0,21,-15,4,0,0,21,-15,4,0,0,21,-15,4,0,0,21,-15,4,0,0,20,-6,0,-14,0,20,-6,0,0,0,20,-6,0,0,0,20,-6,0,0,0,20,-6,0,0,0,20,-6,0,0,0,20,-6,0,0,0,22,-4,0,-15,0
,,2,,,7,0,Y,1,6,Y,,,21,-15,4,0,0,21,-15,4,0,0,21,-15,4,0,0,21,-15,4,0,0,21,-15,4,0,0,21,-15,4,0,0,20,-6,0,-14,0,20,-6,0,0,0,20,-6,0,0,0,20,-6,0,0,0,20,-6,0,0,0,20,-6,0,0,0,20,-6,0,0,0,22,-4,0,-15,0
,,3,,,2,5,N,5,2,N,,,21,-15,4,0,0,21,-15,4,0,0,21,-15,4,0,0,21,-15,4,0,0,21,-15,4,0,0,21,-15,4,0,0,20,-6,0,-14,0,20,-6,0,0,0,20,-6,0,0,0,20,-6,0,0,0,20,-6,0,0,0,20,-6,0,0,0,20,-6,0,0,0,22,-4,0,-15,0
,,4,,,1,6,N,4,3,N,,,21,-15,4,0,0,21,-15,4,0,0,21,-15,4,0,0,21,-15,4,0,0,21,-15,4,0,0,21,-15,4,0,0,20,-6,0,-14,0,20,-6,0,0,0,20,-6,0,0,0,20,-6,0,0,0,20,-6,0,0,0,20,-6,0,0,0,20,-6,0,0,0,22,-4,0,-15,0
,,5,,,3,4,N,2,5,N,,,21,-15,4,0,0,21,-15,4,0,0,21,-15,4,0,0,21,-15,4,0,0,21,-15,4,0,0,21,-15,4,0,0,20,-6,0,-14,0,20,-6,0,0,0,20,-6,0,0,0,20,-6,0,0,0,20,-6,0,0,0,20,-6,0,0,0,20,-6,0,0,0,22,-4,0,-15,0
,,6,,,0,7,N,3,4,Y,,,21,-15,4,0,0,21,-15,4,0,0,21,-15,4,0,0,21,-15,4,0,0,21,-15,4,0,0,21,-15,4,0,0,20,-6,0,-14,0,20,-6,0,0,0,20,-6,0,0,0,20,-6,0,0,0,20,-6,0,0,0,20,-6,0,0,0,20,-6,0,0,0,22,-4,0,-15,0
,,7,,,4,3,N,6,1,N,,,21,-15,4,0,0,21,-15,4,0,0,21,-15,4,0,0,21,-15,4,0,0,21,-15,4,0,0,21,-15,4,0,0,20,-6,0,-14,0,20,-6,0,0,0,20,-6,0,0,0,20,-6,0,0,0,20,-6,0,0,0,20,-6,0,0,0,20,-6,0,0,0,22,-4,0,-15,0
14,No,0,,5,5,2,N,6,1,N,ETH19_*,Port13_*,21,-15,4,0,0,21,-15,4,0,0,21,-15,4,0,0,21,-15,4,0,0,21,-15,4,0,0,21,-15,4,0,0,20,-6,0,-14,0,20,-6,0,0,0,20,-6,0,0,0,20,-6,0,0,0,20,-6,0,0,0,20,-6,0,0,0,20,-6,0,0,0,22,-4,0,-15,0
,,1,,,6,1,N,3,4,N,,,21,-15,4,0,0,21,-15,4,0,0,21,-15,4,0,0,21,-15,4,0,0,21,-15,4,0,0,21,-15,4,0,0,20,-6,0,-14,0,20,-6,0,0,0,20,-6,0,0,0,20,-6,0,0,0,20,-6,0,0,0,20,-6,0,0,0,20,-6,0,0,0,22,-4,0,-15,0
,,2,,,7,0,N,0,7,Y,,,21,-15,4,0,0,21,-15,4,0,0,21,-15,4,0,0,21,-15,4,0,0,21,-15,4,0,0,21,-15,4,0,0,20,-6,0,-14,0,20,-6,0,0,0,20,-6,0,0,0,20,-6,0,0,0,20,-6,0,0,0,20,-6,0,0,0,20,-6,0,0,0,22,-4,0,-15,0
,,3,,,4,3,N,2,5,Y,,,21,-15,4,0,0,21,-15,4,0,0,21,-15,4,0,0,21,-15,4,0,0,21,-15,4,0,0,21,-15,4,0,0,20,-6,0,-14,0,20,-6,0,0,0,20,-6,0,0,0,20,-6,0,0,0,20,-6,0,0,0,20,-6,0,0,0,20,-6,0,0,0,22,-4,0,-15,0
,,4,,,3,4,N,4,3,N,,,21,-15,4,0,0,21,-15,4,0,0,21,-15,4,0,0,21,-15,4,0,0,21,-15,4,0,0,21,-15,4,0,0,20,-6,0,-14,0,20,-6,0,0,0,20,-6,0,0,0,20,-6,0,0,0,20,-6,0,0,0,20,-6,0,0,0,20,-6,0,0,0,22,-4,0,-15,0
,,5,,,1,6,N,7,0,N,,,21,-15,4,0,0,21,-15,4,0,0,21,-15,4,0,0,21,-15,4,0,0,21,-15,4,0,0,21,-15,4,0,0,20,-6,0,-14,0,20,-6,0,0,0,20,-6,0,0,0,20,-6,0,0,0,20,-6,0,0,0,20,-6,0,0,0,20,-6,0,0,0,22,-4,0,-15,0
,,6,,,0,7,Y,5,2,Y,,,21,-15,4,0,0,21,-15,4,0,0,21,-15,4,0,0,21,-15,4,0,0,21,-15,4,0,0,21,-15,4,0,0,20,-6,0,-14,0,20,-6,0,0,0,20,-6,0,0,0,20,-6,0,0,0,20,-6,0,0,0,20,-6,0,0,0,20,-6,0,0,0,22,-4,0,-15,0
,,7,,,2,5,N,1,6,N,,,21,-15,4,0,0,21,-15,4,0,0,21,-15,4,0,0,21,-15,4,0,0,21,-15,4,0,0,21,-15,4,0,0,20,-6,0,-14,0,20,-6,0,0,0,20,-6,0,0,0,20,-6,0,0,0,20,-6,0,0,0,20,-6,0,0,0,20,-6,0,0,0,22,-4,0,-15,0
15,No,0,,6,5,2,N,6,1,N,ETH18_*,Port14_*,21,-15,4,0,0,21,-15,4,0,0,21,-15,4,0,0,21,-15,4,0,0,21,-15,4,0,0,21,-15,4,0,0,20,-6,0,-14,0,20,-6,0,0,0,20,-6,0,0,0,20,-6,0,0,0,20,-6,0,0,0,20,-6,0,0,0,20,-6,0,0,0,22,-4,0,-15,0
,,1,,,1,6,Y,7,0,N,,,21,-15,4,0,0,21,-15,4,0,0,21,-15,4,0,0,21,-15,4,0,0,21,-15,4,0,0,21,-15,4,0,0,20,-6,0,-14,0,20,-6,0,0,0,20,-6,0,0,0,20,-6,0,0,0,20,-6,0,0,0,20,-6,0,0,0,20,-6,0,0,0,22,-4,0,-15,0
,,2,,,4,3,N,0,7,Y,,,21,-15,4,0,0,21,-15,4,0,0,21,-15,4,0,0,21,-15,4,0,0,21,-15,4,0,0,21,-15,4,0,0,20,-6,0,-14,0,20,-6,0,0,0,20,-6,0,0,0,20,-6,0,0,0,20,-6,0,0,0,20,-6,0,0,0,20,-6,0,0,0,22,-4,0,-15,0
,,3,,,6,1,N,3,4,N,,,21,-15,4,0,0,21,-15,4,0,0,21,-15,4,0,0,21,-15,4,0,0,21,-15,4,0,0,21,-15,4,0,0,20,-6,0,-14,0,20,-6,0,0,0,20,-6,0,0,0,20,-6,0,0,0,20,-6,0,0,0,20,-6,0,0,0,20,-6,0,0,0,22,-4,0,-15,0
,,4,,,2,5,Y,2,5,N,,,21,-15,4,0,0,21,-15,4,0,0,21,-15,4,0,0,21,-15,4,0,0,21,-15,4,0,0,21,-15,4,0,0,20,-6,0,-14,0,20,-6,0,0,0,20,-6,0,0,0,20,-6,0,0,0,20,-6,0,0,0,20,-6,0,0,0,20,-6,0,0,0,22,-4,0,-15,0
,,5,,,3,4,N,4,3,N,,,21,-15,4,0,0,21,-15,4,0,0,21,-15,4,0,0,21,-15,4,0,0,21,-15,4,0,0,21,-15,4,0,0,20,-6,0,-14,0,20,-6,0,0,0,20,-6,0,0,0,20,-6,0,0,0,20,-6,0,0,0,20,-6,0,0,0,20,-6,0,0,0,22,-4,0,-15,0
,,6,,,7,0,Y,1,6,Y,,,21,-15,4,0,0,21,-15,4,0,0,21,-15,4,0,0,21,-15,4,0,0,21,-15,4,0,0,21,-15,4,0,0,20,-6,0,-14,0,20,-6,0,0,0,20,-6,0,0,0,20,-6,0,0,0,20,-6,0,0,0,20,-6,0,0,0,20,-6,0,0,0,22,-4,0,-15,0
,,7,,,0,7,Y,5,2,N,,,21,-15,4,0,0,21,-15,4,0,0,21,-15,4,0,0,21,-15,4,0,0,21,-15,4,0,0,21,-15,4,0,0,20,-6,0,-14,0,20,-6,0,0,0,20,-6,0,0,0,20,-6,0,0,0,20,-6,0,0,0,20,-6,0,0,0,20,-6,0,0,0,22,-4,0,-15,0
16,No,0,,7,2,5,Y,7,0,N,ETH17_*,Port15_*,21,-15,4,0,0,21,-15,4,0,0,21,-15,4,0,0,21,-15,4,0,0,21,-15,4,0,0,21,-15,4,0,0,20,-6,0,-14,0,20,-6,0,0,0,20,-6,0,0,0,20,-6,0,0,0,20,-6,0,0,0,20,-6,0,0,0,20,-6,0,0,0,22,-4,0,-15,0
,,1,,,0,7,Y,0,7,N,,,21,-15,4,0,0,21,-15,4,0,0,21,-15,4,0,0,21,-15,4,0,0,21,-15,4,0,0,21,-15,4,0,0,20,-6,0,-14,0,20,-6,0,0,0,20,-6,0,0,0,20,-6,0,0,0,20,-6,0,0,0,20,-6,0,0,0,20,-6,0,0,0,22,-4,0,-15,0
,,2,,,5,2,Y,5,2,N,,,21,-15,4,0,0,21,-15,4,0,0,21,-15,4,0,0,21,-15,4,0,0,21,-15,4,0,0,21,-15,4,0,0,20,-6,0,-14,0,20,-6,0,0,0,20,-6,0,0,0,20,-6,0,0,0,20,-6,0,0,0,20,-6,0,0,0,20,-6,0,0,0,22,-4,0,-15,0
,,3,,,4,3,Y,1,6,N,,,21,-15,4,0,0,21,-15,4,0,0,21,-15,4,0,0,21,-15,4,0,0,21,-15,4,0,0,21,-15,4,0,0,20,-6,0,-14,0,20,-6,0,0,0,20,-6,0,0,0,20,-6,0,0,0,20,-6,0,0,0,20,-6,0,0,0,20,-6,0,0,0,22,-4,0,-15,0
,,4,,,1,6,N,6,1,N,,,21,-15,4,0,0,21,-15,4,0,0,21,-15,4,0,0,21,-15,4,0,0,21,-15,4,0,0,21,-15,4,0,0,20,-6,0,-14,0,20,-6,0,0,0,20,-6,0,0,0,20,-6,0,0,0,20,-6,0,0,0,20,-6,0,0,0,20,-6,0,0,0,22,-4,0,-15,0
,,5,,,3,4,Y,4,3,N,,,21,-15,4,0,0,21,-15,4,0,0,21,-15,4,0,0,21,-15,4,0,0,21,-15,4,0,0,21,-15,4,0,0,20,-6,0,-14,0,20,-6,0,0,0,20,-6,0,0,0,20,-6,0,0,0,20,-6,0,0,0,20,-6,0,0,0,20,-6,0,0,0,22,-4,0,-15,0
,,6,,,7,0,Y,3,4,N,,,21,-15,4,0,0,21,-15,4,0,0,21,-15,4,0,0,21,-15,4,0,0,21,-15,4,0,0,21,-15,4,0,0,20,-6,0,-14,0,20,-6,0,0,0,20,-6,0,0,0,20,-6,0,0,0,20,-6,0,0,0,20,-6,0,0,0,20,-6,0,0,0,22,-4,0,-15,0
,,7,,,6,1,Y,2,5,N,,,21,-15,4,0,0,21,-15,4,0,0,21,-15,4,0,0,21,-15,4,0,0,21,-15,4,0,0,21,-15,4,0,0,20,-6,0,-14,0,20,-6,0,0,0,20,-6,0,0,0,20,-6,0,0,0,20,-6,0,0,0,20,-6,0,0,0,20,-6,0,0,0,22,-4,0,-15,0
17,No,0,3,1,4,4,Y,4,4,Y,ETH26_*,Port16_*,21,-15,4,0,0,21,-15,4,0,0,21,-15,4,0,0,21,-15,4,0,0,21,-15,4,0,0,21,-15,4,0,0,20,-6,0,-14,0,20,-6,0,0,0,20,-6,0,0,0,20,-6,0,0,0,20,-6,0,0,0,20,-6,0,0,0,20,-6,0,0,0,22,-4,0,-15,0
,,1,,,6,6,Y,0,0,Y,,,21,-15,4,0,0,21,-15,4,0,0,21,-15,4,0,0,21,-15,4,0,0,21,-15,4,0,0,21,-15,4,0,0,20,-6,0,-14,0,20,-6,0,0,0,20,-6,0,0,0,20,-6,0,0,0,20,-6,0,0,0,20,-6,0,0,0,20,-6,0,0,0,22,-4,0,-15,0
,,2,,,1,1,N,7,7,Y,,,21,-15,4,0,0,21,-15,4,0,0,21,-15,4,0,0,21,-15,4,0,0,21,-15,4,0,0,21,-15,4,0,0,20,-6,0,-14,0,20,-6,0,0,0,20,-6,0,0,0,20,-6,0,0,0,20,-6,0,0,0,20,-6,0,0,0,20,-6,0,0,0,22,-4,0,-15,0
,,3,,,7,7,N,3,3,Y,,,21,-15,4,0,0,21,-15,4,0,0,21,-15,4,0,0,21,-15,4,0,0,21,-15,4,0,0,21,-15,4,0,0,20,-6,0,-14,0,20,-6,0,0,0,20,-6,0,0,0,20,-6,0,0,0,20,-6,0,0,0,20,-6,0,0,0,20,-6,0,0,0,22,-4,0,-15,0
,,4,,,0,0,N,1,1,Y,,,21,-15,4,0,0,21,-15,4,0,0,21,-15,4,0,0,21,-15,4,0,0,21,-15,4,0,0,21,-15,4,0,0,20,-6,0,-14,0,20,-6,0,0,0,20,-6,0,0,0,20,-6,0,0,0,20,-6,0,0,0,20,-6,0,0,0,20,-6,0,0,0,22,-4,0,-15,0
,,5,,,2,2,Y,2,2,Y,,,21,-15,4,0,0,21,-15,4,0,0,21,-15,4,0,0,21,-15,4,0,0,21,-15,4,0,0,21,-15,4,0,0,20,-6,0,-14,0,20,-6,0,0,0,20,-6,0,0,0,20,-6,0,0,0,20,-6,0,0,0,20,-6,0,0,0,20,-6,0,0,0,22,-4,0,-15,0
,,6,,,3,3,N,6,6,Y,,,21,-15,4,0,0,21,-15,4,0,0,21,-15,4,0,0,21,-15,4,0,0,21,-15,4,0,0,21,-15,4,0,0,20,-6,0,-14,0,20,-6,0,0,0,20,-6,0,0,0,20,-6,0,0,0,20,-6,0,0,0,20,-6,0,0,0,20,-6,0,0,0,22,-4,0,-15,0
,,7,,,5,5,N,5,5,Y,,,21,-15,4,0,0,21,-15,4,0,0,21,-15,4,0,0,21,-15,4,0,0,21,-15,4,0,0,21,-15,4,0,0,20,-6,0,-14,0,20,-6,0,0,0,20,-6,0,0,0,20,-6,0,0,0,20,-6,0,0,0,20,-6,0,0,0,20,-6,0,0,0,22,-4,0,-15,0
18,No,0,,0,7,7,Y,1,1,Y,ETH25_*,Port17_*,21,-15,4,0,0,21,-15,4,0,0,21,-15,4,0,0,21,-15,4,0,0,21,-15,4,0,0,21,-15,4,0,0,20,-6,0,-14,0,20,-6,0,0,0,20,-6,0,0,0,20,-6,0,0,0,20,-6,0,0,0,20,-6,0,0,0,20,-6,0,0,0,22,-4,0,-15,0
,,1,,,6,6,Y,7,7,Y,,,21,-15,4,0,0,21,-15,4,0,0,21,-15,4,0,0,21,-15,4,0,0,21,-15,4,0,0,21,-15,4,0,0,20,-6,0,-14,0,20,-6,0,0,0,20,-6,0,0,0,20,-6,0,0,0,20,-6,0,0,0,20,-6,0,0,0,20,-6,0,0,0,22,-4,0,-15,0
,,2,,,1,1,N,0,0,N,,,21,-15,4,0,0,21,-15,4,0,0,21,-15,4,0,0,21,-15,4,0,0,21,-15,4,0,0,21,-15,4,0,0,20,-6,0,-14,0,20,-6,0,0,0,20,-6,0,0,0,20,-6,0,0,0,20,-6,0,0,0,20,-6,0,0,0,20,-6,0,0,0,22,-4,0,-15,0
,,3,,,0,0,Y,2,2,N,,,21,-15,4,0,0,21,-15,4,0,0,21,-15,4,0,0,21,-15,4,0,0,21,-15,4,0,0,21,-15,4,0,0,20,-6,0,-14,0,20,-6,0,0,0,20,-6,0,0,0,20,-6,0,0,0,20,-6,0,0,0,20,-6,0,0,0,20,-6,0,0,0,22,-4,0,-15,0
,,4,,,5,5,Y,3,3,Y,,,21,-15,4,0,0,21,-15,4,0,0,21,-15,4,0,0,21,-15,4,0,0,21,-15,4,0,0,21,-15,4,0,0,20,-6,0,-14,0,20,-6,0,0,0,20,-6,0,0,0,20,-6,0,0,0,20,-6,0,0,0,20,-6,0,0,0,20,-6,0,0,0,22,-4,0,-15,0
,,5,,,3,3,Y,5,5,Y,,,21,-15,4,0,0,21,-15,4,0,0,21,-15,4,0,0,21,-15,4,0,0,21,-15,4,0,0,21,-15,4,0,0,20,-6,0,-14,0,20,-6,0,0,0,20,-6,0,0,0,20,-6,0,0,0,20,-6,0,0,0,20,-6,0,0,0,20,-6,0,0,0,22,-4,0,-15,0
,,6,,,4,4,Y,4,4,N,,,21,-15,4,0,0,21,-15,4,0,0,21,-15,4,0,0,21,-15,4,0,0,21,-15,4,0,0,21,-15,4,0,0,20,-6,0,-14,0,20,-6,0,0,0,20,-6,0,0,0,20,-6,0,0,0,20,-6,0,0,0,20,-6,0,0,0,20,-6,0,0,0,22,-4,0,-15,0
,,7,,,2,2,Y,6,6,N,,,21,-15,4,0,0,21,-15,4,0,0,21,-15,4,0,0,21,-15,4,0,0,21,-15,4,0,0,21,-15,4,0,0,20,-6,0,-14,0,20,-6,0,0,0,20,-6,0,0,0,20,-6,0,0,0,20,-6,0,0,0,20,-6,0,0,0,20,-6,0,0,0,22,-4,0,-15,0
19,No,0,,3,6,6,Y,2,2,Y,ETH28_*,Port18_*,21,-15,4,0,0,21,-15,4,0,0,21,-15,4,0,0,21,-15,4,0,0,21,-15,4,0,0,21,-15,4,0,0,20,-6,0,-14,0,20,-6,0,0,0,20,-6,0,0,0,20,-6,0,0,0,20,-6,0,0,0,20,-6,0,0,0,20,-6,0,0,0,22,-4,0,-15,0
,,1,,,4,4,N,0,0,Y,,,21,-15,4,0,0,21,-15,4,0,0,21,-15,4,0,0,21,-15,4,0,0,21,-15,4,0,0,21,-15,4,0,0,20,-6,0,-14,0,20,-6,0,0,0,20,-6,0,0,0,20,-6,0,0,0,20,-6,0,0,0,20,-6,0,0,0,20,-6,0,0,0,22,-4,0,-15,0
,,2,,,1,1,N,7,7,Y,,,21,-15,4,0,0,21,-15,4,0,0,21,-15,4,0,0,21,-15,4,0,0,21,-15,4,0,0,21,-15,4,0,0,20,-6,0,-14,0,20,-6,0,0,0,20,-6,0,0,0,20,-6,0,0,0,20,-6,0,0,0,20,-6,0,0,0,20,-6,0,0,0,22,-4,0,-15,0
,,3,,,3,3,N,3,3,Y,,,21,-15,4,0,0,21,-15,4,0,0,21,-15,4,0,0,21,-15,4,0,0,21,-15,4,0,0,21,-15,4,0,0,20,-6,0,-14,0,20,-6,0,0,0,20,-6,0,0,0,20,-6,0,0,0,20,-6,0,0,0,20,-6,0,0,0,20,-6,0,0,0,22,-4,0,-15,0
,,4,,,0,0,Y,4,4,Y,,,21,-15,4,0,0,21,-15,4,0,0,21,-15,4,0,0,21,-15,4,0,0,21,-15,4,0,0,21,-15,4,0,0,20,-6,0,-14,0,20,-6,0,0,0,20,-6,0,0,0,20,-6,0,0,0,20,-6,0,0,0,20,-6,0,0,0,20,-6,0,0,0,22,-4,0,-15,0
,,5,,,2,2,N,6,6,Y,,,21,-15,4,0,0,21,-15,4,0,0,21,-15,4,0,0,21,-15,4,0,0,21,-15,4,0,0,21,-15,4,0,0,20,-6,0,-14,0,20,-6,0,0,0,20,-6,0,0,0,20,-6,0,0,0,20,-6,0,0,0,20,-6,0,0,0,20,-6,0,0,0,22,-4,0,-15,0
,,6,,,5,5,N,5,5,Y,,,21,-15,4,0,0,21,-15,4,0,0,21,-15,4,0,0,21,-15,4,0,0,21,-15,4,0,0,21,-15,4,0,0,20,-6,0,-14,0,20,-6,0,0,0,20,-6,0,0,0,20,-6,0,0,0,20,-6,0,0,0,20,-6,0,0,0,20,-6,0,0,0,22,-4,0,-15,0
,,7,,,7,7,N,1,1,Y,,,21,-15,4,0,0,21,-15,4,0,0,21,-15,4,0,0,21,-15,4,0,0,21,-15,4,0,0,21,-15,4,0,0,20,-6,0,-14,0,20,-6,0,0,0,20,-6,0,0,0,20,-6,0,0,0,20,-6,0,0,0,20,-6,0,0,0,20,-6,0,0,0,22,-4,0,-15,0
20,No,0,,2,1,1,N,3,3,Y,ETH27_*,Port19_*,21,-15,4,0,0,21,-15,4,0,0,21,-15,4,0,0,21,-15,4,0,0,21,-15,4,0,0,21,-15,4,0,0,20,-6,0,-14,0,20,-6,0,0,0,20,-6,0,0,0,20,-6,0,0,0,20,-6,0,0,0,20,-6,0,0,0,20,-6,0,0,0,22,-4,0,-15,0
,,1,,,0,0,N,7,7,Y,,,21,-15,4,0,0,21,-15,4,0,0,21,-15,4,0,0,21,-15,4,0,0,21,-15,4,0,0,21,-15,4,0,0,20,-6,0,-14,0,20,-6,0,0,0,20,-6,0,0,0,20,-6,0,0,0,20,-6,0,0,0,20,-6,0,0,0,20,-6,0,0,0,22,-4,0,-15,0
,,2,,,3,3,N,0,0,N,,,21,-15,4,0,0,21,-15,4,0,0,21,-15,4,0,0,21,-15,4,0,0,21,-15,4,0,0,21,-15,4,0,0,20,-6,0,-14,0,20,-6,0,0,0,20,-6,0,0,0,20,-6,0,0,0,20,-6,0,0,0,20,-6,0,0,0,20,-6,0,0,0,22,-4,0,-15,0
,,3,,,6,6,N,4,4,N,,,21,-15,4,0,0,21,-15,4,0,0,21,-15,4,0,0,21,-15,4,0,0,21,-15,4,0,0,21,-15,4,0,0,20,-6,0,-14,0,20,-6,0,0,0,20,-6,0,0,0,20,-6,0,0,0,20,-6,0,0,0,20,-6,0,0,0,20,-6,0,0,0,22,-4,0,-15,0
,,4,,,5,5,Y,5,5,Y,,,21,-15,4,0,0,21,-15,4,0,0,21,-15,4,0,0,21,-15,4,0,0,21,-15,4,0,0,21,-15,4,0,0,20,-6,0,-14,0,20,-6,0,0,0,20,-6,0,0,0,20,-6,0,0,0,20,-6,0,0,0,20,-6,0,0,0,20,-6,0,0,0,22,-4,0,-15,0
,,5,,,4,4,Y,6,6,Y,,,21,-15,4,0,0,21,-15,4,0,0,21,-15,4,0,0,21,-15,4,0,0,21,-15,4,0,0,21,-15,4,0,0,20,-6,0,-14,0,20,-6,0,0,0,20,-6,0,0,0,20,-6,0,0,0,20,-6,0,0,0,20,-6,0,0,0,20,-6,0,0,0,22,-4,0,-15,0
,,6,,,7,7,N,1,1,N,,,21,-15,4,0,0,21,-15,4,0,0,21,-15,4,0,0,21,-15,4,0,0,21,-15,4,0,0,21,-15,4,0,0,20,-6,0,-14,0,20,-6,0,0,0,20,-6,0,0,0,20,-6,0,0,0,20,-6,0,0,0,20,-6,0,0,0,20,-6,0,0,0,22,-4,0,-15,0
,,7,,,2,2,N,2,2,N,,,21,-15,4,0,0,21,-15,4,0,0,21,-15,4,0,0,21,-15,4,0,0,21,-15,4,0,0,21,-15,4,0,0,20,-6,0,-14,0,20,-6,0,0,0,20,-6,0,0,0,20,-6,0,0,0,20,-6,0,0,0,20,-6,0,0,0,20,-6,0,0,0,22,-4,0,-15,0
21,No,0,,5,6,6,Y,6,6,Y,ETH30_*,Port20_*,21,-15,4,0,0,21,-15,4,0,0,21,-15,4,0,0,21,-15,4,0,0,21,-15,4,0,0,21,-15,4,0,0,20,-6,0,-14,0,20,-6,0,0,0,20,-6,0,0,0,20,-6,0,0,0,20,-6,0,0,0,20,-6,0,0,0,20,-6,0,0,0,22,-4,0,-15,0
,,1,,,2,2,Y,1,1,Y,,,21,-15,4,0,0,21,-15,4,0,0,21,-15,4,0,0,21,-15,4,0,0,21,-15,4,0,0,21,-15,4,0,0,20,-6,0,-14,0,20,-6,0,0,0,20,-6,0,0,0,20,-6,0,0,0,20,-6,0,0,0,20,-6,0,0,0,20,-6,0,0,0,22,-4,0,-15,0
,,2,,,0,0,Y,7,7,N,,,21,-15,4,0,0,21,-15,4,0,0,21,-15,4,0,0,21,-15,4,0,0,21,-15,4,0,0,21,-15,4,0,0,20,-6,0,-14,0,20,-6,0,0,0,20,-6,0,0,0,20,-6,0,0,0,20,-6,0,0,0,20,-6,0,0,0,20,-6,0,0,0,22,-4,0,-15,0
,,3,,,5,5,N,2,2,Y,,,21,-15,4,0,0,21,-15,4,0,0,21,-15,4,0,0,21,-15,4,0,0,21,-15,4,0,0,21,-15,4,0,0,20,-6,0,-14,0,20,-6,0,0,0,20,-6,0,0,0,20,-6,0,0,0,20,-6,0,0,0,20,-6,0,0,0,20,-6,0,0,0,22,-4,0,-15,0
,,4,,,4,4,Y,4,4,Y,,,21,-15,4,0,0,21,-15,4,0,0,21,-15,4,0,0,21,-15,4,0,0,21,-15,4,0,0,21,-15,4,0,0,20,-6,0,-14,0,20,-6,0,0,0,20,-6,0,0,0,20,-6,0,0,0,20,-6,0,0,0,20,-6,0,0,0,20,-6,0,0,0,22,-4,0,-15,0
,,5,,,1,1,N,0,0,Y,,,21,-15,4,0,0,21,-15,4,0,0,21,-15,4,0,0,21,-15,4,0,0,21,-15,4,0,0,21,-15,4,0,0,20,-6,0,-14,0,20,-6,0,0,0,20,-6,0,0,0,20,-6,0,0,0,20,-6,0,0,0,20,-6,0,0,0,20,-6,0,0,0,22,-4,0,-15,0
,,6,,,7,7,N,5,5,Y,,,21,-15,4,0,0,21,-15,4,0,0,21,-15,4,0,0,21,-15,4,0,0,21,-15,4,0,0,21,-15,4,0,0,20,-6,0,-14,0,20,-6,0,0,0,20,-6,0,0,0,20,-6,0,0,0,20,-6,0,0,0,20,-6,0,0,0,20,-6,0,0,0,22,-4,0,-15,0
,,7,,,3,3,Y,3,3,N,,,21,-15,4,0,0,21,-15,4,0,0,21,-15,4,0,0,21,-15,4,0,0,21,-15,4,0,0,21,-15,4,0,0,20,-6,0,-14,0,20,-6,0,0,0,20,-6,0,0,0,20,-6,0,0,0,20,-6,0,0,0,20,-6,0,0,0,20,-6,0,0,0,22,-4,0,-15,0
22,No,0,,4,6,6,Y,2,2,Y,ETH29_*,Port21_*,21,-15,4,0,0,21,-15,4,0,0,21,-15,4,0,0,21,-15,4,0,0,21,-15,4,0,0,21,-15,4,0,0,20,-6,0,-14,0,20,-6,0,0,0,20,-6,0,0,0,20,-6,0,0,0,20,-6,0,0,0,20,-6,0,0,0,20,-6,0,0,0,22,-4,0,-15,0
,,1,,,5,5,Y,7,7,N,,,21,-15,4,0,0,21,-15,4,0,0,21,-15,4,0,0,21,-15,4,0,0,21,-15,4,0,0,21,-15,4,0,0,20,-6,0,-14,0,20,-6,0,0,0,20,-6,0,0,0,20,-6,0,0,0,20,-6,0,0,0,20,-6,0,0,0,20,-6,0,0,0,22,-4,0,-15,0
,,2,,,4,4,Y,0,0,N,,,21,-15,4,0,0,21,-15,4,0,0,21,-15,4,0,0,21,-15,4,0,0,21,-15,4,0,0,21,-15,4,0,0,20,-6,0,-14,0,20,-6,0,0,0,20,-6,0,0,0,20,-6,0,0,0,20,-6,0,0,0,20,-6,0,0,0,20,-6,0,0,0,22,-4,0,-15,0
,,3,,,0,0,N,6,6,N,,,21,-15,4,0,0,21,-15,4,0,0,21,-15,4,0,0,21,-15,4,0,0,21,-15,4,0,0,21,-15,4,0,0,20,-6,0,-14,0,20,-6,0,0,0,20,-6,0,0,0,20,-6,0,0,0,20,-6,0,0,0,20,-6,0,0,0,20,-6,0,0,0,22,-4,0,-15,0
,,4,,,7,7,Y,5,5,Y,,,21,-15,4,0,0,21,-15,4,0,0,21,-15,4,0,0,21,-15,4,0,0,21,-15,4,0,0,21,-15,4,0,0,20,-6,0,-14,0,20,-6,0,0,0,20,-6,0,0,0,20,-6,0,0,0,20,-6,0,0,0,20,-6,0,0,0,20,-6,0,0,0,22,-4,0,-15,0
,,5,,,3,3,Y,4,4,Y,,,21,-15,4,0,0,21,-15,4,0,0,21,-15,4,0,0,21,-15,4,0,0,21,-15,4,0,0,21,-15,4,0,0,20,-6,0,-14,0,20,-6,0,0,0,20,-6,0,0,0,20,-6,0,0,0,20,-6,0,0,0,20,-6,0,0,0,20,-6,0,0,0,22,-4,0,-15,0
,,6,,,2,2,Y,1,1,N,,,21,-15,4,0,0,21,-15,4,0,0,21,-15,4,0,0,21,-15,4,0,0,21,-15,4,0,0,21,-15,4,0,0,20,-6,0,-14,0,20,-6,0,0,0,20,-6,0,0,0,20,-6,0,0,0,20,-6,0,0,0,20,-6,0,0,0,20,-6,0,0,0,22,-4,0,-15,0
,,7,,,1,1,Y,3,3,N,,,21,-15,4,0,0,21,-15,4,0,0,21,-15,4,0,0,21,-15,4,0,0,21,-15,4,0,0,21,-15,4,0,0,20,-6,0,-14,0,20,-6,0,0,0,20,-6,0,0,0,20,-6,0,0,0,20,-6,0,0,0,20,-6,0,0,0,20,-6,0,0,0,22,-4,0,-15,0
23,No,0,,7,0,0,N,0,0,Y,ETH32_*,Port22_*,21,-15,4,0,0,21,-15,4,0,0,21,-15,4,0,0,21,-15,4,0,0,21,-15,4,0,0,21,-15,4,0,0,20,-6,0,-14,0,20,-6,0,0,0,20,-6,0,0,0,20,-6,0,0,0,20,-6,0,0,0,20,-6,0,0,0,20,-6,0,0,0,22,-4,0,-15,0
,,1,,,2,2,Y,6,6,Y,,,21,-15,4,0,0,21,-15,4,0,0,21,-15,4,0,0,21,-15,4,0,0,21,-15,4,0,0,21,-15,4,0,0,20,-6,0,-14,0,20,-6,0,0,0,20,-6,0,0,0,20,-6,0,0,0,20,-6,0,0,0,20,-6,0,0,0,20,-6,0,0,0,22,-4,0,-15,0
,,2,,,6,6,N,1,1,Y,,,21,-15,4,0,0,21,-15,4,0,0,21,-15,4,0,0,21,-15,4,0,0,21,-15,4,0,0,21,-15,4,0,0,20,-6,0,-14,0,20,-6,0,0,0,20,-6,0,0,0,20,-6,0,0,0,20,-6,0,0,0,20,-6,0,0,0,20,-6,0,0,0,22,-4,0,-15,0
,,3,,,1,1,Y,5,5,N,,,21,-15,4,0,0,21,-15,4,0,0,21,-15,4,0,0,21,-15,4,0,0,21,-15,4,0,0,21,-15,4,0,0,20,-6,0,-14,0,20,-6,0,0,0,20,-6,0,0,0,20,-6,0,0,0,20,-6,0,0,0,20,-6,0,0,0,20,-6,0,0,0,22,-4,0,-15,0
,,4,,,4,4,Y,2,2,N,,,21,-15,4,0,0,21,-15,4,0,0,21,-15,4,0,0,21,-15,4,0,0,21,-15,4,0,0,21,-15,4,0,0,20,-6,0,-14,0,20,-6,0,0,0,20,-6,0,0,0,20,-6,0,0,0,20,-6,0,0,0,20,-6,0,0,0,20,-6,0,0,0,22,-4,0,-15,0
,,5,,,7,7,N,4,4,Y,,,21,-15,4,0,0,21,-15,4,0,0,21,-15,4,0,0,21,-15,4,0,0,21,-15,4,0,0,21,-15,4,0,0,20,-6,0,-14,0,20,-6,0,0,0,20,-6,0,0,0,20,-6,0,0,0,20,-6,0,0,0,20,-6,0,0,0,20,-6,0,0,0,22,-4,0,-15,0
,,6,,,5,5,Y,3,3,Y,,,21,-15,4,0,0,21,-15,4,0,0,21,-15,4,0,0,21,-15,4,0,0,21,-15,4,0,0,21,-15,4,0,0,20,-6,0,-14,0,20,-6,0,0,0,20,-6,0,0,0,20,-6,0,0,0,20,-6,0,0,0,20,-6,0,0,0,20,-6,0,0,0,22,-4,0,-15,0
,,7,,,3,3,Y,7,7,Y,,,21,-15,4,0,0,21,-15,4,0,0,21,-15,4,0,0,21,-15,4,0,0,21,-15,4,0,0,21,-15,4,0,0,20,-6,0,-14,0,20,-6,0,0,0,20,-6,0,0,0,20,-6,0,0,0,20,-6,0,0,0,20,-6,0,0,0,20,-6,0,0,0,22,-4,0,-15,0
24,No,0,,6,3,3,Y,0,0,Y,ETH31_*,Port23_*,21,-15,4,0,0,21,-15,4,0,0,21,-15,4,0,0,21,-15,4,0,0,21,-15,4,0,0,21,-15,4,0,0,20,-6,0,-14,0,20,-6,0,0,0,20,-6,0,0,0,20,-6,0,0,0,20,-6,0,0,0,20,-6,0,0,0,20,-6,0,0,0,22,-4,0,-15,0
,,1,,,5,5,N,7,7,Y,,,21,-15,4,0,0,21,-15,4,0,0,21,-15,4,0,0,21,-15,4,0,0,21,-15,4,0,0,21,-15,4,0,0,20,-6,0,-14,0,20,-6,0,0,0,20,-6,0,0,0,20,-6,0,0,0,20,-6,0,0,0,20,-6,0,0,0,20,-6,0,0,0,22,-4,0,-15,0
,,2,,,7,7,N,2,2,N,,,21,-15,4,0,0,21,-15,4,0,0,21,-15,4,0,0,21,-15,4,0,0,21,-15,4,0,0,21,-15,4,0,0,20,-6,0,-14,0,20,-6,0,0,0,20,-6,0,0,0,20,-6,0,0,0,20,-6,0,0,0,20,-6,0,0,0,20,-6,0,0,0,22,-4,0,-15,0
,,3,,,6,6,Y,6,6,Y,,,21,-15,4,0,0,21,-15,4,0,0,21,-15,4,0,0,21,-15,4,0,0,21,-15,4,0,0,21,-15,4,0,0,20,-6,0,-14,0,20,-6,0,0,0,20,-6,0,0,0,20,-6,0,0,0,20,-6,0,0,0,20,-6,0,0,0,20,-6,0,0,0,22,-4,0,-15,0
,,4,,,0,0,N,1,1,N,,,21,-15,4,0,0,21,-15,4,0,0,21,-15,4,0,0,21,-15,4,0,0,21,-15,4,0,0,21,-15,4,0,0,20,-6,0,-14,0,20,-6,0,0,0,20,-6,0,0,0,20,-6,0,0,0,20,-6,0,0,0,20,-6,0,0,0,20,-6,0,0,0,22,-4,0,-15,0
,,5,,,1,1,Y,3,3,Y,,,21,-15,4,0,0,21,-15,4,0,0,21,-15,4,0,0,21,-15,4,0,0,21,-15,4,0,0,21,-15,4,0,0,20,-6,0,-14,0,20,-6,0,0,0,20,-6,0,0,0,20,-6,0,0,0,20,-6,0,0,0,20,-6,0,0,0,20,-6,0,0,0,22,-4,0,-15,0
,,6,,,2,2,Y,5,5,Y,,,21,-15,4,0,0,21,-15,4,0,0,21,-15,4,0,0,21,-15,4,0,0,21,-15,4,0,0,21,-15,4,0,0,20,-6,0,-14,0,20,-6,0,0,0,20,-6,0,0,0,20,-6,0,0,0,20,-6,0,0,0,20,-6,0,0,0,20,-6,0,0,0,22,-4,0,-15,0
,,7,,,4,4,Y,4,4,N,,,21,-15,4,0,0,21,-15,4,0,0,21,-15,4,0,0,21,-15,4,0,0,21,-15,4,0,0,21,-15,4,0,0,20,-6,0,-14,0,20,-6,0,0,0,20,-6,0,0,0,20,-6,0,0,0,20,-6,0,0,0,20,-6,0,0,0,20,-6,0,0,0,22,-4,0,-15,0
25,No,0,0,1,2,5,N,0,7,N,ETH7_*,Port25_*,21,-15,4,0,0,21,-15,4,0,0,21,-15,4,0,0,21,-15,4,0,0,21,-15,4,0,0,21,-15,4,0,0,20,-6,0,-14,0,20,-6,0,0,0,20,-6,0,0,0,20,-6,0,0,0,20,-6,0,0,0,20,-6,0,0,0,20,-6,0,0,0,22,-4,0,-15,0
,,1,,,1,6,Y,6,1,N,,,21,-15,4,0,0,21,-15,4,0,0,21,-15,4,0,0,21,-15,4,0,0,21,-15,4,0,0,21,-15,4,0,0,20,-6,0,-14,0,20,-6,0,0,0,20,-6,0,0,0,20,-6,0,0,0,20,-6,0,0,0,20,-6,0,0,0,20,-6,0,0,0,22,-4,0,-15,0
,,2,,,4,3,Y,4,3,Y,,,21,-15,4,0,0,21,-15,4,0,0,21,-15,4,0,0,21,-15,4,0,0,21,-15,4,0,0,21,-15,4,0,0,20,-6,0,-14,0,20,-6,0,0,0,20,-6,0,0,0,20,-6,0,0,0,20,-6,0,0,0,20,-6,0,0,0,20,-6,0,0,0,22,-4,0,-15,0
,,3,,,5,2,N,3,4,Y,,,21,-15,4,0,0,21,-15,4,0,0,21,-15,4,0,0,21,-15,4,0,0,21,-15,4,0,0,21,-15,4,0,0,20,-6,0,-14,0,20,-6,0,0,0,20,-6,0,0,0,20,-6,0,0,0,20,-6,0,0,0,20,-6,0,0,0,20,-6,0,0,0,22,-4,0,-15,0
,,4,,,6,1,Y,5,2,N,,,21,-15,4,0,0,21,-15,4,0,0,21,-15,4,0,0,21,-15,4,0,0,21,-15,4,0,0,21,-15,4,0,0,20,-6,0,-14,0,20,-6,0,0,0,20,-6,0,0,0,20,-6,0,0,0,20,-6,0,0,0,20,-6,0,0,0,20,-6,0,0,0,22,-4,0,-15,0
,,5,,,0,7,N,7,0,Y,,,21,-15,4,0,0,21,-15,4,0,0,21,-15,4,0,0,21,-15,4,0,0,21,-15,4,0,0,21,-15,4,0,0,20,-6,0,-14,0,20,-6,0,0,0,20,-6,0,0,0,20,-6,0,0,0,20,-6,0,0,0,20,-6,0,0,0,20,-6,0,0,0,22,-4,0,-15,0
,,6,,,7,0,N,2,5,N,,,21,-15,4,0,0,21,-15,4,0,0,21,-15,4,0,0,21,-15,4,0,0,21,-15,4,0,0,21,-15,4,0,0,20,-6,0,-14,0,20,-6,0,0,0,20,-6,0,0,0,20,-6,0,0,0,20,-6,0,0,0,20,-6,0,0,0,20,-6,0,0,0,22,-4,0,-15,0
,,7,,,3,4,Y,1,6,Y,,,21,-15,4,0,0,21,-15,4,0,0,21,-15,4,0,0,21,-15,4,0,0,21,-15,4,0,0,21,-15,4,0,0,20,-6,0,-14,0,20,-6,0,0,0,20,-6,0,0,0,20,-6,0,0,0,20,-6,0,0,0,20,-6,0,0,0,20,-6,0,0,0,22,-4,0,-15,0
26,No,0,,0,2,5,N,4,3,N,ETH8_*,Port24_*,21,-15,4,0,0,21,-15,4,0,0,21,-15,4,0,0,21,-15,4,0,0,21,-15,4,0,0,21,-15,4,0,0,20,-6,0,-14,0,20,-6,0,0,0,20,-6,0,0,0,20,-6,0,0,0,20,-6,0,0,0,20,-6,0,0,0,20,-6,0,0,0,22,-4,0,-15,0
,,1,,,4,3,N,7,0,N,,,21,-15,4,0,0,21,-15,4,0,0,21,-15,4,0,0,21,-15,4,0,0,21,-15,4,0,0,21,-15,4,0,0,20,-6,0,-14,0,20,-6,0,0,0,20,-6,0,0,0,20,-6,0,0,0,20,-6,0,0,0,20,-6,0,0,0,20,-6,0,0,0,22,-4,0,-15,0
,,2,,,1,6,N,0,7,N,,,21,-15,4,0,0,21,-15,4,0,0,21,-15,4,0,0,21,-15,4,0,0,21,-15,4,0,0,21,-15,4,0,0,20,-6,0,-14,0,20,-6,0,0,0,20,-6,0,0,0,20,-6,0,0,0,20,-6,0,0,0,20,-6,0,0,0,20,-6,0,0,0,22,-4,0,-15,0
,,3,,,6,1,Y,2,5,Y,,,21,-15,4,0,0,21,-15,4,0,0,21,-15,4,0,0,21,-15,4,0,0,21,-15,4,0,0,21,-15,4,0,0,20,-6,0,-14,0,20,-6,0,0,0,20,-6,0,0,0,20,-6,0,0,0,20,-6,0,0,0,20,-6,0,0,0,20,-6,0,0,0,22,-4,0,-15,0
,,4,,,0,7,N,3,4,N,,,21,-15,4,0,0,21,-15,4,0,0,21,-15,4,0,0,21,-15,4,0,0,21,-15,4,0,0,21,-15,4,0,0,20,-6,0,-14,0,20,-6,0,0,0,20,-6,0,0,0,20,-6,0,0,0,20,-6,0,0,0,20,-6,0,0,0,20,-6,0,0,0,22,-4,0,-15,0
,,5,,,3,4,Y,5,2,Y,,,21,-15,4,0,0,21,-15,4,0,0,21,-15,4,0,0,21,-15,4,0,0,21,-15,4,0,0,21,-15,4,0,0,20,-6,0,-14,0,20,-6,0,0,0,20,-6,0,0,0,20,-6,0,0,0,20,-6,0,0,0,20,-6,0,0,0,20,-6,0,0,0,22,-4,0,-15,0
,,6,,,7,0,Y,6,1,Y,,,21,-15,4,0,0,21,-15,4,0,0,21,-15,4,0,0,21,-15,4,0,0,21,-15,4,0,0,21,-15,4,0,0,20,-6,0,-14,0,20,-6,0,0,0,20,-6,0,0,0,20,-6,0,0,0,20,-6,0,0,0,20,-6,0,0,0,20,-6,0,0,0,22,-4,0,-15,0
,,7,,,5,2,N,1,6,N,,,21,-15,4,0,0,21,-15,4,0,0,21,-15,4,0,0,21,-15,4,0,0,21,-15,4,0,0,21,-15,4,0,0,20,-6,0,-14,0,20,-6,0,0,0,20,-6,0,0,0,20,-6,0,0,0,20,-6,0,0,0,20,-6,0,0,0,20,-6,0,0,0,22,-4,0,-15,0
27,No,0,,3,6,1,N,1,6,N,ETH5_*,Port27_*,21,-15,4,0,0,21,-15,4,0,0,21,-15,4,0,0,21,-15,4,0,0,21,-15,4,0,0,21,-15,4,0,0,20,-6,0,-14,0,20,-6,0,0,0,20,-6,0,0,0,20,-6,0,0,0,20,-6,0,0,0,20,-6,0,0,0,20,-6,0,0,0,22,-4,0,-15,0
,,1,,,1,6,Y,7,0,N,,,21,-15,4,0,0,21,-15,4,0,0,21,-15,4,0,0,21,-15,4,0,0,21,-15,4,0,0,21,-15,4,0,0,20,-6,0,-14,0,20,-6,0,0,0,20,-6,0,0,0,20,-6,0,0,0,20,-6,0,0,0,20,-6,0,0,0,20,-6,0,0,0,22,-4,0,-15,0
,,2,,,4,3,Y,0,7,N,,,21,-15,4,0,0,21,-15,4,0,0,21,-15,4,0,0,21,-15,4,0,0,21,-15,4,0,0,21,-15,4,0,0,20,-6,0,-14,0,20,-6,0,0,0,20,-6,0,0,0,20,-6,0,0,0,20,-6,0,0,0,20,-6,0,0,0,20,-6,0,0,0,22,-4,0,-15,0
,,3,,,3,4,N,6,1,N,,,21,-15,4,0,0,21,-15,4,0,0,21,-15,4,0,0,21,-15,4,0,0,21,-15,4,0,0,21,-15,4,0,0,20,-6,0,-14,0,20,-6,0,0,0,20,-6,0,0,0,20,-6,0,0,0,20,-6,0,0,0,20,-6,0,0,0,20,-6,0,0,0,22,-4,0,-15,0
,,4,,,5,2,Y,5,2,N,,,21,-15,4,0,0,21,-15,4,0,0,21,-15,4,0,0,21,-15,4,0,0,21,-15,4,0,0,21,-15,4,0,0,20,-6,0,-14,0,20,-6,0,0,0,20,-6,0,0,0,20,-6,0,0,0,20,-6,0,0,0,20,-6,0,0,0,20,-6,0,0,0,22,-4,0,-15,0
,,5,,,0,7,N,4,3,Y,,,21,-15,4,0,0,21,-15,4,0,0,21,-15,4,0,0,21,-15,4,0,0,21,-15,4,0,0,21,-15,4,0,0,20,-6,0,-14,0,20,-6,0,0,0,20,-6,0,0,0,20,-6,0,0,0,20,-6,0,0,0,20,-6,0,0,0,20,-6,0,0,0,22,-4,0,-15,0
,,6,,,2,5,N,2,5,Y,,,21,-15,4,0,0,21,-15,4,0,0,21,-15,4,0,0,21,-15,4,0,0,21,-15,4,0,0,21,-15,4,0,0,20,-6,0,-14,0,20,-6,0,0,0,20,-6,0,0,0,20,-6,0,0,0,20,-6,0,0,0,20,-6,0,0,0,20,-6,0,0,0,22,-4,0,-15,0
,,7,,,7,0,N,3,4,N,,,21,-15,4,0,0,21,-15,4,0,0,21,-15,4,0,0,21,-15,4,0,0,21,-15,4,0,0,21,-15,4,0,0,20,-6,0,-14,0,20,-6,0,0,0,20,-6,0,0,0,20,-6,0,0,0,20,-6,0,0,0,20,-6,0,0,0,20,-6,0,0,0,22,-4,0,-15,0
28,No,0,,2,2,5,N,3,4,Y,ETH6_*,Port26_*,21,-15,4,0,0,21,-15,4,0,0,21,-15,4,0,0,21,-15,4,0,0,21,-15,4,0,0,21,-15,4,0,0,20,-6,0,-14,0,20,-6,0,0,0,20,-6,0,0,0,20,-6,0,0,0,20,-6,0,0,0,20,-6,0,0,0,20,-6,0,0,0,22,-4,0,-15,0
,,1,,,3,4,N,7,0,N,,,21,-15,4,0,0,21,-15,4,0,0,21,-15,4,0,0,21,-15,4,0,0,21,-15,4,0,0,21,-15,4,0,0,20,-6,0,-14,0,20,-6,0,0,0,20,-6,0,0,0,20,-6,0,0,0,20,-6,0,0,0,20,-6,0,0,0,20,-6,0,0,0,22,-4,0,-15,0
,,2,,,7,0,Y,2,5,Y,,,21,-15,4,0,0,21,-15,4,0,0,21,-15,4,0,0,21,-15,4,0,0,21,-15,4,0,0,21,-15,4,0,0,20,-6,0,-14,0,20,-6,0,0,0,20,-6,0,0,0,20,-6,0,0,0,20,-6,0,0,0,20,-6,0,0,0,20,-6,0,0,0,22,-4,0,-15,0
,,3,,,4,3,N,5,2,Y,,,21,-15,4,0,0,21,-15,4,0,0,21,-15,4,0,0,21,-15,4,0,0,21,-15,4,0,0,21,-15,4,0,0,20,-6,0,-14,0,20,-6,0,0,0,20,-6,0,0,0,20,-6,0,0,0,20,-6,0,0,0,20,-6,0,0,0,20,-6,0,0,0,22,-4,0,-15,0
,,4,,,5,2,Y,1,6,N,,,21,-15,4,0,0,21,-15,4,0,0,21,-15,4,0,0,21,-15,4,0,0,21,-15,4,0,0,21,-15,4,0,0,20,-6,0,-14,0,20,-6,0,0,0,20,-6,0,0,0,20,-6,0,0,0,20,-6,0,0,0,20,-6,0,0,0,20,-6,0,0,0,22,-4,0,-15,0
,,5,,,1,6,N,4,3,Y,,,21,-15,4,0,0,21,-15,4,0,0,21,-15,4,0,0,21,-15,4,0,0,21,-15,4,0,0,21,-15,4,0,0,20,-6,0,-14,0,20,-6,0,0,0,20,-6,0,0,0,20,-6,0,0,0,20,-6,0,0,0,20,-6,0,0,0,20,-6,0,0,0,22,-4,0,-15,0
,,6,,,6,1,N,0,7,Y,,,21,-15,4,0,0,21,-15,4,0,0,21,-15,4,0,0,21,-15,4,0,0,21,-15,4,0,0,21,-15,4,0,0,20,-6,0,-14,0,20,-6,0,0,0,20,-6,0,0,0,20,-6,0,0,0,20,-6,0,0,0,20,-6,0,0,0,20,-6,0,0,0,22,-4,0,-15,0
,,7,,,0,7,Y,6,1,Y,,,21,-15,4,0,0,21,-15,4,0,0,21,-15,4,0,0,21,-15,4,0,0,21,-15,4,0,0,21,-15,4,0,0,20,-6,0,-14,0,20,-6,0,0,0,20,-6,0,0,0,20,-6,0,0,0,20,-6,0,0,0,20,-6,0,0,0,20,-6,0,0,0,22,-4,0,-15,0
29,No,0,,5,2,5,Y,1,6,N,ETH3_*,Port28_*,21,-15,4,0,0,21,-15,4,0,0,21,-15,4,0,0,21,-15,4,0,0,21,-15,4,0,0,21,-15,4,0,0,20,-6,0,-14,0,20,-6,0,0,0,20,-6,0,0,0,20,-6,0,0,0,20,-6,0,0,0,20,-6,0,0,0,20,-6,0,0,0,22,-4,0,-15,0
,,1,,,5,2,Y,5,2,Y,,,21,-15,4,0,0,21,-15,4,0,0,21,-15,4,0,0,21,-15,4,0,0,21,-15,4,0,0,21,-15,4,0,0,20,-6,0,-14,0,20,-6,0,0,0,20,-6,0,0,0,20,-6,0,0,0,20,-6,0,0,0,20,-6,0,0,0,20,-6,0,0,0,22,-4,0,-15,0
,,2,,,4,3,Y,4,3,Y,,,21,-15,4,0,0,21,-15,4,0,0,21,-15,4,0,0,21,-15,4,0,0,21,-15,4,0,0,21,-15,4,0,0,20,-6,0,-14,0,20,-6,0,0,0,20,-6,0,0,0,20,-6,0,0,0,20,-6,0,0,0,20,-6,0,0,0,20,-6,0,0,0,22,-4,0,-15,0
,,3,,,1,6,N,6,1,Y,,,21,-15,4,0,0,21,-15,4,0,0,21,-15,4,0,0,21,-15,4,0,0,21,-15,4,0,0,21,-15,4,0,0,20,-6,0,-14,0,20,-6,0,0,0,20,-6,0,0,0,20,-6,0,0,0,20,-6,0,0,0,20,-6,0,0,0,20,-6,0,0,0,22,-4,0,-15,0
,,4,,,3,4,N,3,4,Y,,,21,-15,4,0,0,21,-15,4,0,0,21,-15,4,0,0,21,-15,4,0,0,21,-15,4,0,0,21,-15,4,0,0,20,-6,0,-14,0,20,-6,0,0,0,20,-6,0,0,0,20,-6,0,0,0,20,-6,0,0,0,20,-6,0,0,0,20,-6,0,0,0,22,-4,0,-15,0
,,5,,,7,0,Y,0,7,N,,,21,-15,4,0,0,21,-15,4,0,0,21,-15,4,0,0,21,-15,4,0,0,21,-15,4,0,0,21,-15,4,0,0,20,-6,0,-14,0,20,-6,0,0,0,20,-6,0,0,0,20,-6,0,0,0,20,-6,0,0,0,20,-6,0,0,0,20,-6,0,0,0,22,-4,0,-15,0
,,6,,,6,1,N,7,0,N,,,21,-15,4,0,0,21,-15,4,0,0,21,-15,4,0,0,21,-15,4,0,0,21,-15,4,0,0,21,-15,4,0,0,20,-6,0,-14,0,20,-6,0,0,0,20,-6,0,0,0,20,-6,0,0,0,20,-6,0,0,0,20,-6,0,0,0,20,-6,0,0,0,22,-4,0,-15,0
,,7,,,0,7,Y,2,5,N,,,21,-15,4,0,0,21,-15,4,0,0,21,-15,4,0,0,21,-15,4,0,0,21,-15,4,0,0,21,-15,4,0,0,20,-6,0,-14,0,20,-6,0,0,0,20,-6,0,0,0,20,-6,0,0,0,20,-6,0,0,0,20,-6,0,0,0,20,-6,0,0,0,22,-4,0,-15,0
30,No,0,,4,0,7,Y,6,1,Y,ETH4_*,Port29_*,21,-15,4,0,0,21,-15,4,0,0,21,-15,4,0,0,21,-15,4,0,0,21,-15,4,0,0,21,-15,4,0,0,20,-6,0,-14,0,20,-6,0,0,0,20,-6,0,0,0,20,-6,0,0,0,20,-6,0,0,0,20,-6,0,0,0,20,-6,0,0,0,22,-4,0,-15,0
,,1,,,5,2,N,5,2,N,,,21,-15,4,0,0,21,-15,4,0,0,21,-15,4,0,0,21,-15,4,0,0,21,-15,4,0,0,21,-15,4,0,0,20,-6,0,-14,0,20,-6,0,0,0,20,-6,0,0,0,20,-6,0,0,0,20,-6,0,0,0,20,-6,0,0,0,20,-6,0,0,0,22,-4,0,-15,0
,,2,,,2,5,N,3,4,Y,,,21,-15,4,0,0,21,-15,4,0,0,21,-15,4,0,0,21,-15,4,0,0,21,-15,4,0,0,21,-15,4,0,0,20,-6,0,-14,0,20,-6,0,0,0,20,-6,0,0,0,20,-6,0,0,0,20,-6,0,0,0,20,-6,0,0,0,20,-6,0,0,0,22,-4,0,-15,0
,,3,,,7,0,N,4,3,N,,,21,-15,4,0,0,21,-15,4,0,0,21,-15,4,0,0,21,-15,4,0,0,21,-15,4,0,0,21,-15,4,0,0,20,-6,0,-14,0,20,-6,0,0,0,20,-6,0,0,0,20,-6,0,0,0,20,-6,0,0,0,20,-6,0,0,0,20,-6,0,0,0,22,-4,0,-15,0
,,4,,,6,1,Y,1,6,N,,,21,-15,4,0,0,21,-15,4,0,0,21,-15,4,0,0,21,-15,4,0,0,21,-15,4,0,0,21,-15,4,0,0,20,-6,0,-14,0,20,-6,0,0,0,20,-6,0,0,0,20,-6,0,0,0,20,-6,0,0,0,20,-6,0,0,0,20,-6,0,0,0,22,-4,0,-15,0
,,5,,,3,4,N,2,5,N,,,21,-15,4,0,0,21,-15,4,0,0,21,-15,4,0,0,21,-15,4,0,0,21,-15,4,0,0,21,-15,4,0,0,20,-6,0,-14,0,20,-6,0,0,0,20,-6,0,0,0,20,-6,0,0,0,20,-6,0,0,0,20,-6,0,0,0,20,-6,0,0,0,22,-4,0,-15,0
,,6,,,4,3,N,7,0,Y,,,21,-15,4,0,0,21,-15,4,0,0,21,-15,4,0,0,21,-15,4,0,0,21,-15,4,0,0,21,-15,4,0,0,20,-6,0,-14,0,20,-6,0,0,0,20,-6,0,0,0,20,-6,0,0,0,20,-6,0,0,0,20,-6,0,0,0,20,-6,0,0,0,22,-4,0,-15,0
,,7,,,1,6,N,0,7,N,,,21,-15,4,0,0,21,-15,4,0,0,21,-15,4,0,0,21,-15,4,0,0,21,-15,4,0,0,21,-15,4,0,0,20,-6,0,-14,0,20,-6,0,0,0,20,-6,0,0,0,20,-6,0,0,0,20,-6,0,0,0,20,-6,0,0,0,20,-6,0,0,0,22,-4,0,-15,0
31,No,0,,7,0,7,Y,1,6,Y,ETH1_*,Port30_*,21,-15,4,0,0,21,-15,4,0,0,21,-15,4,0,0,21,-15,4,0,0,21,-15,4,0,0,21,-15,4,0,0,20,-6,0,-14,0,20,-6,0,0,0,20,-6,0,0,0,20,-6,0,0,0,20,-6,0,0,0,20,-6,0,0,0,20,-6,0,0,0,22,-4,0,-15,0
,,1,,,5,2,N,7,0,Y,,,21,-15,4,0,0,21,-15,4,0,0,21,-15,4,0,0,21,-15,4,0,0,21,-15,4,0,0,21,-15,4,0,0,20,-6,0,-14,0,20,-6,0,0,0,20,-6,0,0,0,20,-6,0,0,0,20,-6,0,0,0,20,-6,0,0,0,20,-6,0,0,0,22,-4,0,-15,0
,,2,,,6,1,Y,0,7,N,,,21,-15,4,0,0,21,-15,4,0,0,21,-15,4,0,0,21,-15,4,0,0,21,-15,4,0,0,21,-15,4,0,0,20,-6,0,-14,0,20,-6,0,0,0,20,-6,0,0,0,20,-6,0,0,0,20,-6,0,0,0,20,-6,0,0,0,20,-6,0,0,0,22,-4,0,-15,0
,,3,,,1,6,N,6,1,Y,,,21,-15,4,0,0,21,-15,4,0,0,21,-15,4,0,0,21,-15,4,0,0,21,-15,4,0,0,21,-15,4,0,0,20,-6,0,-14,0,20,-6,0,0,0,20,-6,0,0,0,20,-6,0,0,0,20,-6,0,0,0,20,-6,0,0,0,20,-6,0,0,0,22,-4,0,-15,0
,,4,,,7,0,N,3,4,Y,,,21,-15,4,0,0,21,-15,4,0,0,21,-15,4,0,0,21,-15,4,0,0,21,-15,4,0,0,21,-15,4,0,0,20,-6,0,-14,0,20,-6,0,0,0,20,-6,0,0,0,20,-6,0,0,0,20,-6,0,0,0,20,-6,0,0,0,20,-6,0,0,0,22,-4,0,-15,0
,,5,,,2,5,Y,5,2,Y,,,21,-15,4,0,0,21,-15,4,0,0,21,-15,4,0,0,21,-15,4,0,0,21,-15,4,0,0,21,-15,4,0,0,20,-6,0,-14,0,20,-6,0,0,0,20,-6,0,0,0,20,-6,0,0,0,20,-6,0,0,0,20,-6,0,0,0,20,-6,0,0,0,22,-4,0,-15,0
,,6,,,4,3,N,2,5,N,,,21,-15,4,0,0,21,-15,4,0,0,21,-15,4,0,0,21,-15,4,0,0,21,-15,4,0,0,21,-15,4,0,0,20,-6,0,-14,0,20,-6,0,0,0,20,-6,0,0,0,20,-6,0,0,0,20,-6,0,0,0,20,-6,0,0,0,20,-6,0,0,0,22,-4,0,-15,0
,,7,,,3,4,N,4,3,N,,,21,-15,4,0,0,21,-15,4,0,0,21,-15,4,0,0,21,-15,4,0,0,21,-15,4,0,0,21,-15,4,0,0,20,-6,0,-14,0,20,-6,0,0,0,20,-6,0,0,0,20,-6,0,0,0,20,-6,0,0,0,20,-6,0,0,0,20,-6,0,0,0,22,-4,0,-15,0
32,No,0,,6,4,3,Y,3,4,Y,ETH2_*,Port31_*,21,-15,4,0,0,21,-15,4,0,0,21,-15,4,0,0,21,-15,4,0,0,21,-15,4,0,0,21,-15,4,0,0,20,-6,0,-14,0,20,-6,0,0,0,20,-6,0,0,0,20,-6,0,0,0,20,-6,0,0,0,20,-6,0,0,0,20,-6,0,0,0,22,-4,0,-15,0
,,1,,,3,4,N,6,1,Y,,,21,-15,4,0,0,21,-15,4,0,0,21,-15,4,0,0,21,-15,4,0,0,21,-15,4,0,0,21,-15,4,0,0,20,-6,0,-14,0,20,-6,0,0,0,20,-6,0,0,0,20,-6,0,0,0,20,-6,0,0,0,20,-6,0,0,0,20,-6,0,0,0,22,-4,0,-15,0
,,2,,,2,5,N,1,6,Y,,,21,-15,4,0,0,21,-15,4,0,0,21,-15,4,0,0,21,-15,4,0,0,21,-15,4,0,0,21,-15,4,0,0,20,-6,0,-14,0,20,-6,0,0,0,20,-6,0,0,0,20,-6,0,0,0,20,-6,0,0,0,20,-6,0,0,0,20,-6,0,0,0,22,-4,0,-15,0
,,3,,,5,2,N,4,3,N,,,21,-15,4,0,0,21,-15,4,0,0,21,-15,4,0,0,21,-15,4,0,0,21,-15,4,0,0,21,-15,4,0,0,20,-6,0,-14,0,20,-6,0,0,0,20,-6,0,0,0,20,-6,0,0,0,20,-6,0,0,0,20,-6,0,0,0,20,-6,0,0,0,22,-4,0,-15,0
,,4,,,6,1,Y,5,2,Y,,,21,-15,4,0,0,21,-15,4,0,0,21,-15,4,0,0,21,-15,4,0,0,21,-15,4,0,0,21,-15,4,0,0,20,-6,0,-14,0,20,-6,0,0,0,20,-6,0,0,0,20,-6,0,0,0,20,-6,0,0,0,20,-6,0,0,0,20,-6,0,0,0,22,-4,0,-15,0
,,5,,,7,0,N,7,0,Y,,,21,-15,4,0,0,21,-15,4,0,0,21,-15,4,0,0,21,-15,4,0,0,21,-15,4,0,0,21,-15,4,0,0,20,-6,0,-14,0,20,-6,0,0,0,20,-6,0,0,0,20,-6,0,0,0,20,-6,0,0,0,20,-6,0,0,0,20,-6,0,0,0,22,-4,0,-15,0
,,6,,,0,7,N,0,7,Y,,,21,-15,4,0,0,21,-15,4,0,0,21,-15,4,0,0,21,-15,4,0,0,21,-15,4,0,0,21,-15,4,0,0,20,-6,0,-14,0,20,-6,0,0,0,20,-6,0,0,0,20,-6,0,0,0,20,-6,0,0,0,20,-6,0,0,0,20,-6,0,0,0,22,-4,0,-15,0
,,7,,,1,6,N,2,5,Y,,,21,-15,4,0,0,21,-15,4,0,0,21,-15,4,0,0,21,-15,4,0,0,21,-15,4,0,0,21,-15,4,0,0,20,-6,0,-14,0,20,-6,0,0,0,20,-6,0,0,0,20,-6,0,0,0,20,-6,0,0,0,20,-6,0,0,0,20,-6,0,0,0,22,-4,0,-15,0
33,Yes,0,0,8,0,3,N,0,3,N,ETH0_*,CPU_*,21,-15,4,0,0,21,-15,4,0,0,21,-15,4,0,0,21,-15,4,0,0,21,-15,4,0,0,21,-15,4,0,0,20,-6,0,-14,0,20,-6,0,0,0,20,-6,0,0,0,20,-6,0,0,0,20,-6,0,0,0,20,-6,0,0,0,20,-6,0,0,0,22,-4,0,-15,0
,,1,,,1,2,N,1,2,N,,,21,-15,4,0,0,21,-15,4,0,0,21,-15,4,0,0,21,-15,4,0,0,21,-15,4,0,0,21,-15,4,0,0,20,-6,0,-14,0,20,-6,0,0,0,20,-6,0,0,0,20,-6,0,0,0,20,-6,0,0,0,20,-6,0,0,0,20,-6,0,0,0,22,-4,0,-15,0
,,2,,,2,1,N,2,1,N,,,21,-15,4,0,0,21,-15,4,0,0,21,-15,4,0,0,21,-15,4,0,0,21,-15,4,0,0,21,-15,4,0,0,20,-6,0,-14,0,20,-6,0,0,0,20,-6,0,0,0,20,-6,0,0,0,20,-6,0,0,0,20,-6,0,0,0,20,-6,0,0,0,22,-4,0,-15,0
,,3,,,3,0,N,3,0,N,,,21,-15,4,0,0,21,-15,4,0,0,21,-15,4,0,0,21,-15,4,0,0,21,-15,4,0,0,21,-15,4,0,0,20,-6,0,-14,0,20,-6,0,0,0,20,-6,0,0,0,20,-6,0,0,0,20,-6,0,0,0,20,-6,0,0,0,20,-6,0,0,0,22,-4,0,-15,0